/*
SQLyog Ultimate v12.4.3 (64 bit)
MySQL - 10.1.31-MariaDB : Database - db_stdt
*********************************************************************
*/

/*!40101 SET NAMES utf8 */;

/*!40101 SET SQL_MODE=''*/;

/*!40014 SET @OLD_UNIQUE_CHECKS=@@UNIQUE_CHECKS, UNIQUE_CHECKS=0 */;
/*!40014 SET @OLD_FOREIGN_KEY_CHECKS=@@FOREIGN_KEY_CHECKS, FOREIGN_KEY_CHECKS=0 */;
/*!40101 SET @OLD_SQL_MODE=@@SQL_MODE, SQL_MODE='NO_AUTO_VALUE_ON_ZERO' */;
/*!40111 SET @OLD_SQL_NOTES=@@SQL_NOTES, SQL_NOTES=0 */;
/*Table structure for table `auth_group` */

DROP TABLE IF EXISTS `auth_group`;

CREATE TABLE `auth_group` (
  `id` int(11) NOT NULL AUTO_INCREMENT,
  `name` varchar(150) NOT NULL,
  PRIMARY KEY (`id`),
  UNIQUE KEY `name` (`name`)
) ENGINE=InnoDB DEFAULT CHARSET=latin1;

/*Data for the table `auth_group` */

LOCK TABLES `auth_group` WRITE;

UNLOCK TABLES;

/*Table structure for table `auth_group_permissions` */

DROP TABLE IF EXISTS `auth_group_permissions`;

CREATE TABLE `auth_group_permissions` (
  `id` int(11) NOT NULL AUTO_INCREMENT,
  `group_id` int(11) NOT NULL,
  `permission_id` int(11) NOT NULL,
  PRIMARY KEY (`id`),
  UNIQUE KEY `auth_group_permissions_group_id_permission_id_0cd325b0_uniq` (`group_id`,`permission_id`),
  KEY `auth_group_permissio_permission_id_84c5c92e_fk_auth_perm` (`permission_id`),
  CONSTRAINT `auth_group_permissio_permission_id_84c5c92e_fk_auth_perm` FOREIGN KEY (`permission_id`) REFERENCES `auth_permission` (`id`),
  CONSTRAINT `auth_group_permissions_group_id_b120cbf9_fk_auth_group_id` FOREIGN KEY (`group_id`) REFERENCES `auth_group` (`id`)
) ENGINE=InnoDB DEFAULT CHARSET=latin1;

/*Data for the table `auth_group_permissions` */

LOCK TABLES `auth_group_permissions` WRITE;

UNLOCK TABLES;

/*Table structure for table `auth_permission` */

DROP TABLE IF EXISTS `auth_permission`;

CREATE TABLE `auth_permission` (
  `id` int(11) NOT NULL AUTO_INCREMENT,
  `name` varchar(255) NOT NULL,
  `content_type_id` int(11) NOT NULL,
  `codename` varchar(100) NOT NULL,
  PRIMARY KEY (`id`),
  UNIQUE KEY `auth_permission_content_type_id_codename_01ab375a_uniq` (`content_type_id`,`codename`),
  CONSTRAINT `auth_permission_content_type_id_2f476e4b_fk_django_co` FOREIGN KEY (`content_type_id`) REFERENCES `django_content_type` (`id`)
) ENGINE=InnoDB AUTO_INCREMENT=25 DEFAULT CHARSET=latin1;

/*Data for the table `auth_permission` */

LOCK TABLES `auth_permission` WRITE;

insert  into `auth_permission`(`id`,`name`,`content_type_id`,`codename`) values (1,'Can add log entry',1,'add_logentry');
insert  into `auth_permission`(`id`,`name`,`content_type_id`,`codename`) values (2,'Can change log entry',1,'change_logentry');
insert  into `auth_permission`(`id`,`name`,`content_type_id`,`codename`) values (3,'Can delete log entry',1,'delete_logentry');
insert  into `auth_permission`(`id`,`name`,`content_type_id`,`codename`) values (4,'Can view log entry',1,'view_logentry');
insert  into `auth_permission`(`id`,`name`,`content_type_id`,`codename`) values (5,'Can add permission',2,'add_permission');
insert  into `auth_permission`(`id`,`name`,`content_type_id`,`codename`) values (6,'Can change permission',2,'change_permission');
insert  into `auth_permission`(`id`,`name`,`content_type_id`,`codename`) values (7,'Can delete permission',2,'delete_permission');
insert  into `auth_permission`(`id`,`name`,`content_type_id`,`codename`) values (8,'Can view permission',2,'view_permission');
insert  into `auth_permission`(`id`,`name`,`content_type_id`,`codename`) values (9,'Can add group',3,'add_group');
insert  into `auth_permission`(`id`,`name`,`content_type_id`,`codename`) values (10,'Can change group',3,'change_group');
insert  into `auth_permission`(`id`,`name`,`content_type_id`,`codename`) values (11,'Can delete group',3,'delete_group');
insert  into `auth_permission`(`id`,`name`,`content_type_id`,`codename`) values (12,'Can view group',3,'view_group');
insert  into `auth_permission`(`id`,`name`,`content_type_id`,`codename`) values (13,'Can add user',4,'add_user');
insert  into `auth_permission`(`id`,`name`,`content_type_id`,`codename`) values (14,'Can change user',4,'change_user');
insert  into `auth_permission`(`id`,`name`,`content_type_id`,`codename`) values (15,'Can delete user',4,'delete_user');
insert  into `auth_permission`(`id`,`name`,`content_type_id`,`codename`) values (16,'Can view user',4,'view_user');
insert  into `auth_permission`(`id`,`name`,`content_type_id`,`codename`) values (17,'Can add content type',5,'add_contenttype');
insert  into `auth_permission`(`id`,`name`,`content_type_id`,`codename`) values (18,'Can change content type',5,'change_contenttype');
insert  into `auth_permission`(`id`,`name`,`content_type_id`,`codename`) values (19,'Can delete content type',5,'delete_contenttype');
insert  into `auth_permission`(`id`,`name`,`content_type_id`,`codename`) values (20,'Can view content type',5,'view_contenttype');
insert  into `auth_permission`(`id`,`name`,`content_type_id`,`codename`) values (21,'Can add session',6,'add_session');
insert  into `auth_permission`(`id`,`name`,`content_type_id`,`codename`) values (22,'Can change session',6,'change_session');
insert  into `auth_permission`(`id`,`name`,`content_type_id`,`codename`) values (23,'Can delete session',6,'delete_session');
insert  into `auth_permission`(`id`,`name`,`content_type_id`,`codename`) values (24,'Can view session',6,'view_session');

UNLOCK TABLES;

/*Table structure for table `auth_user` */

DROP TABLE IF EXISTS `auth_user`;

CREATE TABLE `auth_user` (
  `id` int(11) NOT NULL AUTO_INCREMENT,
  `password` varchar(128) NOT NULL,
  `last_login` datetime(6) DEFAULT NULL,
  `is_superuser` tinyint(1) NOT NULL,
  `username` varchar(150) NOT NULL,
  `full_name` varchar(255) DEFAULT NULL,
  `first_name` varchar(150) NOT NULL,
  `last_name` varchar(150) NOT NULL,
  `gender` varchar(10) DEFAULT NULL,
  `email` varchar(254) NOT NULL,
  `is_staff` tinyint(1) NOT NULL,
  `role` varchar(255) DEFAULT NULL,
  `is_active` tinyint(1) NOT NULL,
  `verified` tinyint(1) NOT NULL,
  `date_joined` datetime(6) NOT NULL,
  PRIMARY KEY (`id`),
  UNIQUE KEY `username` (`username`)
) ENGINE=InnoDB AUTO_INCREMENT=16 DEFAULT CHARSET=latin1;

/*Data for the table `auth_user` */

LOCK TABLES `auth_user` WRITE;

insert  into `auth_user`(`id`,`password`,`last_login`,`is_superuser`,`username`,`full_name`,`first_name`,`last_name`,`gender`,`email`,`is_staff`,`role`,`is_active`,`verified`,`date_joined`) values (9,'pbkdf2_sha256$216000$h6vvSDSt1z1A$9BZZkyaD3ihPt8Xei0mzAsT2TILD/Yy7efZPtCp50E8=','2022-09-12 05:08:08.810665',1,'krisnabayu19','I Nyoman Krisna Bayu','I Nyoman Krisna','Bayu','L','krisnabayu@stdwitunggal.com',0,'superuser',1,1,'2022-09-05 05:35:11.158353');
insert  into `auth_user`(`id`,`password`,`last_login`,`is_superuser`,`username`,`full_name`,`first_name`,`last_name`,`gender`,`email`,`is_staff`,`role`,`is_active`,`verified`,`date_joined`) values (10,'pbkdf2_sha256$216000$77einoc2WFkJ$3+augUnXnKQ2FPAgWAHMqm1vilO7am09F9OMY5r+ShU=','2022-09-15 06:50:45.565743',0,'ketua','Full Name Ketua','Ketua','ST. Dwi Tunggal','L','',1,'ketuawakil',1,1,'2022-09-05 08:39:59.647970');
insert  into `auth_user`(`id`,`password`,`last_login`,`is_superuser`,`username`,`full_name`,`first_name`,`last_name`,`gender`,`email`,`is_staff`,`role`,`is_active`,`verified`,`date_joined`) values (11,'pbkdf2_sha256$216000$wzpUGb3plukG$rkO/GrDZSGdJTNrpJ5zOTbOBPCAbKyjZ73wKf39opxs=','2022-09-13 05:25:47.940517',0,'wakil','Full Name Wakil Ketua','Wakil Ketua','ST. Dwi Tunggal','L','',1,'ketuawakil',1,1,'2022-09-05 08:41:25.905278');
insert  into `auth_user`(`id`,`password`,`last_login`,`is_superuser`,`username`,`full_name`,`first_name`,`last_name`,`gender`,`email`,`is_staff`,`role`,`is_active`,`verified`,`date_joined`) values (12,'pbkdf2_sha256$216000$VcGOHmucmXwP$+XyAqFjMtOSrVywjY9w2S/eAoBYc+ZZ9BZU3msiIj88=','2022-09-15 06:54:01.569854',0,'sekre','Full Name Sekre','Sekretaris','ST. Dwi Tunggal','P','',1,'sekretaris',1,1,'2022-09-05 08:43:02.347579');
insert  into `auth_user`(`id`,`password`,`last_login`,`is_superuser`,`username`,`full_name`,`first_name`,`last_name`,`gender`,`email`,`is_staff`,`role`,`is_active`,`verified`,`date_joined`) values (13,'pbkdf2_sha256$216000$L3rr2jGyRtKZ$OcGsBQDhhxur8eGQQ+kHdKr1Lxi5rfxMIyYcvbMO8qA=','2022-09-15 11:13:36.807096',0,'benda','Full Name Bendahara','Bendahara','ST. Dwi Tunggal','P','',1,'bendahara',1,1,'2022-09-05 08:48:23.316528');
insert  into `auth_user`(`id`,`password`,`last_login`,`is_superuser`,`username`,`full_name`,`first_name`,`last_name`,`gender`,`email`,`is_staff`,`role`,`is_active`,`verified`,`date_joined`) values (14,'pbkdf2_sha256$216000$pI4eM0u600w6$j3xKcjTHYgWJOklPIx7UTvVsqpwXlFF9PUoTu8h7IhM=','2022-09-15 06:35:46.644930',0,'anggotatest',NULL,'','',NULL,'',1,'anggota',1,1,'2022-09-11 07:19:15.650302');
insert  into `auth_user`(`id`,`password`,`last_login`,`is_superuser`,`username`,`full_name`,`first_name`,`last_name`,`gender`,`email`,`is_staff`,`role`,`is_active`,`verified`,`date_joined`) values (15,'pbkdf2_sha256$216000$G3RdVNMtNto7$8LPxTIgaoWQsagJ5b5lLJqvlXqdgLCsD5AcvEyjFC5Q=','2022-09-14 05:28:21.155093',0,'anggotatest2',NULL,'','',NULL,'',1,'anggota',1,1,'2022-09-12 04:33:35.810567');

UNLOCK TABLES;

/*Table structure for table `auth_user_groups` */

DROP TABLE IF EXISTS `auth_user_groups`;

CREATE TABLE `auth_user_groups` (
  `id` int(11) NOT NULL AUTO_INCREMENT,
  `user_id` int(11) NOT NULL,
  `group_id` int(11) NOT NULL,
  PRIMARY KEY (`id`),
  UNIQUE KEY `auth_user_groups_user_id_group_id_94350c0c_uniq` (`user_id`,`group_id`),
  KEY `auth_user_groups_group_id_97559544_fk_auth_group_id` (`group_id`),
  CONSTRAINT `auth_user_groups_group_id_97559544_fk_auth_group_id` FOREIGN KEY (`group_id`) REFERENCES `auth_group` (`id`),
  CONSTRAINT `auth_user_groups_user_id_6a12ed8b_fk_auth_user_id` FOREIGN KEY (`user_id`) REFERENCES `auth_user` (`id`)
) ENGINE=InnoDB DEFAULT CHARSET=latin1;

/*Data for the table `auth_user_groups` */

LOCK TABLES `auth_user_groups` WRITE;

UNLOCK TABLES;

/*Table structure for table `auth_user_user_permissions` */

DROP TABLE IF EXISTS `auth_user_user_permissions`;

CREATE TABLE `auth_user_user_permissions` (
  `id` int(11) NOT NULL AUTO_INCREMENT,
  `user_id` int(11) NOT NULL,
  `permission_id` int(11) NOT NULL,
  PRIMARY KEY (`id`),
  UNIQUE KEY `auth_user_user_permissions_user_id_permission_id_14a6b632_uniq` (`user_id`,`permission_id`),
  KEY `auth_user_user_permi_permission_id_1fbb5f2c_fk_auth_perm` (`permission_id`),
  CONSTRAINT `auth_user_user_permi_permission_id_1fbb5f2c_fk_auth_perm` FOREIGN KEY (`permission_id`) REFERENCES `auth_permission` (`id`),
  CONSTRAINT `auth_user_user_permissions_user_id_a95ead1b_fk_auth_user_id` FOREIGN KEY (`user_id`) REFERENCES `auth_user` (`id`)
) ENGINE=InnoDB DEFAULT CHARSET=latin1;

/*Data for the table `auth_user_user_permissions` */

LOCK TABLES `auth_user_user_permissions` WRITE;

UNLOCK TABLES;

/*Table structure for table `django_admin_log` */

DROP TABLE IF EXISTS `django_admin_log`;

CREATE TABLE `django_admin_log` (
  `id` int(11) NOT NULL AUTO_INCREMENT,
  `action_time` datetime(6) NOT NULL,
  `object_id` longtext,
  `object_repr` varchar(200) NOT NULL,
  `action_flag` smallint(5) unsigned NOT NULL,
  `change_message` longtext NOT NULL,
  `content_type_id` int(11) DEFAULT NULL,
  `user_id` int(11) NOT NULL,
  PRIMARY KEY (`id`),
  KEY `django_admin_log_content_type_id_c4bce8eb_fk_django_co` (`content_type_id`),
  KEY `django_admin_log_user_id_c564eba6_fk_auth_user_id` (`user_id`),
  CONSTRAINT `django_admin_log_content_type_id_c4bce8eb_fk_django_co` FOREIGN KEY (`content_type_id`) REFERENCES `django_content_type` (`id`),
  CONSTRAINT `django_admin_log_user_id_c564eba6_fk_auth_user_id` FOREIGN KEY (`user_id`) REFERENCES `auth_user` (`id`)
) ENGINE=InnoDB DEFAULT CHARSET=latin1;

/*Data for the table `django_admin_log` */

LOCK TABLES `django_admin_log` WRITE;

UNLOCK TABLES;

/*Table structure for table `django_content_type` */

DROP TABLE IF EXISTS `django_content_type`;

CREATE TABLE `django_content_type` (
  `id` int(11) NOT NULL AUTO_INCREMENT,
  `app_label` varchar(100) NOT NULL,
  `model` varchar(100) NOT NULL,
  PRIMARY KEY (`id`),
  UNIQUE KEY `django_content_type_app_label_model_76bd3d3b_uniq` (`app_label`,`model`)
) ENGINE=InnoDB AUTO_INCREMENT=7 DEFAULT CHARSET=latin1;

/*Data for the table `django_content_type` */

LOCK TABLES `django_content_type` WRITE;

insert  into `django_content_type`(`id`,`app_label`,`model`) values (1,'admin','logentry');
insert  into `django_content_type`(`id`,`app_label`,`model`) values (3,'auth','group');
insert  into `django_content_type`(`id`,`app_label`,`model`) values (2,'auth','permission');
insert  into `django_content_type`(`id`,`app_label`,`model`) values (4,'auth','user');
insert  into `django_content_type`(`id`,`app_label`,`model`) values (5,'contenttypes','contenttype');
insert  into `django_content_type`(`id`,`app_label`,`model`) values (6,'sessions','session');

UNLOCK TABLES;

/*Table structure for table `django_migrations` */

DROP TABLE IF EXISTS `django_migrations`;

CREATE TABLE `django_migrations` (
  `id` int(11) NOT NULL AUTO_INCREMENT,
  `app` varchar(255) NOT NULL,
  `name` varchar(255) NOT NULL,
  `applied` datetime(6) NOT NULL,
  PRIMARY KEY (`id`)
) ENGINE=InnoDB AUTO_INCREMENT=19 DEFAULT CHARSET=latin1;

/*Data for the table `django_migrations` */

LOCK TABLES `django_migrations` WRITE;

insert  into `django_migrations`(`id`,`app`,`name`,`applied`) values (1,'contenttypes','0001_initial','2022-07-15 06:23:45.001816');
insert  into `django_migrations`(`id`,`app`,`name`,`applied`) values (2,'auth','0001_initial','2022-07-15 06:23:46.204602');
insert  into `django_migrations`(`id`,`app`,`name`,`applied`) values (3,'admin','0001_initial','2022-07-15 06:23:54.259076');
insert  into `django_migrations`(`id`,`app`,`name`,`applied`) values (4,'admin','0002_logentry_remove_auto_add','2022-07-15 06:23:55.054952');
insert  into `django_migrations`(`id`,`app`,`name`,`applied`) values (5,'admin','0003_logentry_add_action_flag_choices','2022-07-15 06:23:55.089857');
insert  into `django_migrations`(`id`,`app`,`name`,`applied`) values (6,'contenttypes','0002_remove_content_type_name','2022-07-15 06:23:55.739121');
insert  into `django_migrations`(`id`,`app`,`name`,`applied`) values (7,'auth','0002_alter_permission_name_max_length','2022-07-15 06:23:56.705538');
insert  into `django_migrations`(`id`,`app`,`name`,`applied`) values (8,'auth','0003_alter_user_email_max_length','2022-07-15 06:23:57.432596');
insert  into `django_migrations`(`id`,`app`,`name`,`applied`) values (9,'auth','0004_alter_user_username_opts','2022-07-15 06:23:57.482462');
insert  into `django_migrations`(`id`,`app`,`name`,`applied`) values (10,'auth','0005_alter_user_last_login_null','2022-07-15 06:23:57.754735');
insert  into `django_migrations`(`id`,`app`,`name`,`applied`) values (11,'auth','0006_require_contenttypes_0002','2022-07-15 06:23:57.810585');
insert  into `django_migrations`(`id`,`app`,`name`,`applied`) values (12,'auth','0007_alter_validators_add_error_messages','2022-07-15 06:23:57.881396');
insert  into `django_migrations`(`id`,`app`,`name`,`applied`) values (13,'auth','0008_alter_user_username_max_length','2022-07-15 06:23:59.965825');
insert  into `django_migrations`(`id`,`app`,`name`,`applied`) values (14,'auth','0009_alter_user_last_name_max_length','2022-07-15 06:24:00.728786');
insert  into `django_migrations`(`id`,`app`,`name`,`applied`) values (15,'auth','0010_alter_group_name_max_length','2022-07-15 06:24:01.206513');
insert  into `django_migrations`(`id`,`app`,`name`,`applied`) values (16,'auth','0011_update_proxy_permissions','2022-07-15 06:24:01.277322');
insert  into `django_migrations`(`id`,`app`,`name`,`applied`) values (17,'auth','0012_alter_user_first_name_max_length','2022-07-15 06:24:01.866746');
insert  into `django_migrations`(`id`,`app`,`name`,`applied`) values (18,'sessions','0001_initial','2022-07-15 06:24:02.086161');

UNLOCK TABLES;

/*Table structure for table `django_session` */

DROP TABLE IF EXISTS `django_session`;

CREATE TABLE `django_session` (
  `session_key` varchar(40) NOT NULL,
  `session_data` longtext NOT NULL,
  `expire_date` datetime(6) NOT NULL,
  PRIMARY KEY (`session_key`),
  KEY `django_session_expire_date_a5c62663` (`expire_date`)
) ENGINE=InnoDB DEFAULT CHARSET=latin1;

/*Data for the table `django_session` */

LOCK TABLES `django_session` WRITE;

insert  into `django_session`(`session_key`,`session_data`,`expire_date`) values ('02xut3nsusvefvh2gk8rkxb6wpv0hwhq','.eJxVjDsOwjAQBe_iGln-xjIlPWewdr1rHECOFCdVxN1JpBTQvpl5m0iwLjWtnec0krgK7cTld0TIL24HoSe0xyTz1JZ5RHko8qRd3ifi9-10_w4q9LrXEVSwFqIJTivLmah4BewiG-tBF-9RYTagUOewazxE681Qoo7IRCQ-XwGvOFU:1oYKhQ:mDrMUxr46pFsh-hafMBieSACrvJYFHrqz7LC4jXh1b8','2022-09-28 05:12:36.787571');
insert  into `django_session`(`session_key`,`session_data`,`expire_date`) values ('03z9kldsg41uekctddxocw5k09shqm6y','.eJxVjMsOwiAUBf-FtSHcFgK4dO83kPugUjWQlHZl_Hdt0oVuz8ycl0q4rSVtPS9pFnVWMKjT70jIj1x3Inest6a51XWZSe-KPmjX1yb5eTncv4OCvXxrCxAsCCJx9tNkgpUQxImLBixbT-gZYg4wRjNG9gLivCcgZyK5OKj3BwZ-N6s:1oWZcA:vVcObG8o1XX6AaBksdxXboN2N0fSFwNtm3T43ZoRhUY','2022-09-23 08:43:54.211330');
insert  into `django_session`(`session_key`,`session_data`,`expire_date`) values ('04cj1wkxgjxbzuu7wk6ii8aj0grwf97s','.eJxVjMEOwiAQBf-FsyHAQgGP3v0GAssiVQNJaU_Gf9cmPej1zcx7sRC3tYZt0BLmzM5MAjv9jinig9pO8j22W-fY27rMie8KP-jg157peTncv4MaR_3WaAinSQAhSo9QTKFiZRROK50KZKCsdNZaK-cVOY_CAVkL3ngCVIm9Pxo9OBc:1oYMQO:yGF9CJKoNPhrc0-2LIb7hlAqLDuMx8FPKPTfLZ6a-P4','2022-09-28 07:03:08.568561');
insert  into `django_session`(`session_key`,`session_data`,`expire_date`) values ('04zy5rovbgtpl4dwq64fhnpmwslvth3q','.eJxVjMsOwiAUBf-FtSHcFgK4dO83kPugUjWQlHZl_Hdt0oVuz8ycl0q4rSVtPS9pFnVWMKjT70jIj1x3Inest6a51XWZSe-KPmjX1yb5eTncv4OCvXxrCxAsCCJx9tNkgpUQxImLBixbT-gZYg4wRjNG9gLivCcgZyK5OKj3BwZ-N6s:1oVT8p:TqgSrDqKq0VpfdwVnWxYkBwq5-chq1pLjmuIQr5d3bw','2022-09-20 07:37:03.651892');
insert  into `django_session`(`session_key`,`session_data`,`expire_date`) values ('07v8rs4acb7j3gtwn9mabjcporjirg9z','.eJxVjDsOwjAQBe_iGln-xjIlPWewdr1rHECOFCdVxN1JpBTQvpl5m0iwLjWtnec0krgK7cTld0TIL24HoSe0xyTz1JZ5RHko8qRd3ifi9-10_w4q9LrXEVSwFqIJTivLmah4BewiG-tBF-9RYTagUOewazxE681Qoo7IRCQ-XwGvOFU:1oXLFF:pGmmwGhgXFEBJ4wYr5x_RiAgRwJeCrWIKMkonpntyd0','2022-09-25 11:35:25.217074');
insert  into `django_session`(`session_key`,`session_data`,`expire_date`) values ('0aaditx2turqmcuk647upt2gn09wcw7s','.eJxVjMsOwiAUBf-FtSHcFgK4dO83kPugUjWQlHZl_Hdt0oVuz8ycl0q4rSVtPS9pFnVWMKjT70jIj1x3Inest6a51XWZSe-KPmjX1yb5eTncv4OCvXxrCxAsCCJx9tNkgpUQxImLBixbT-gZYg4wRjNG9gLivCcgZyK5OKj3BwZ-N6s:1oY0UC:V_raOAP6qJSajvVxAhobH0Z1FFZBnBSO50YSMPaqX0w','2022-09-27 07:37:36.944007');
insert  into `django_session`(`session_key`,`session_data`,`expire_date`) values ('0c39p8wudn2rn82iz25l8jmxgmy1kz3o','.eJxVjMEOwiAQBf-FsyHAQgGP3v0GAssiVQNJaU_Gf9cmPej1zcx7sRC3tYZt0BLmzM5MAjv9jinig9pO8j22W-fY27rMie8KP-jg157peTncv4MaR_3WaAinSQAhSo9QTKFiZRROK50KZKCsdNZaK-cVOY_CAVkL3ngCVIm9Pxo9OBc:1oY4vx:DrR82Cp0LYc93TlBV96dv_QbZQ17QU1MI6Qiw_SMzDM','2022-09-27 12:22:33.202926');
insert  into `django_session`(`session_key`,`session_data`,`expire_date`) values ('0dpybju3lg7nfd6fz9grky5r9ocy6l1k','.eJxVjMsOwiAUBf-FtSHcFgK4dO83kPugUjWQlHZl_Hdt0oVuz8ycl0q4rSVtPS9pFnVWMKjT70jIj1x3Inest6a51XWZSe-KPmjX1yb5eTncv4OCvXxrCxAsCCJx9tNkgpUQxImLBixbT-gZYg4wRjNG9gLivCcgZyK5OKj3BwZ-N6s:1oVPqw:FfBx7KRt3rZegViIG9_AaZ20WltVkEAON0zkJiRZEJE','2022-09-20 04:06:22.936671');
insert  into `django_session`(`session_key`,`session_data`,`expire_date`) values ('0f40ob5mvib0cvm5er3lfzz4z1indglw','.eJxVjMsOwiAUBf-FtSHcFgK4dO83kPugUjWQlHZl_Hdt0oVuz8ycl0q4rSVtPS9pFnVWMKjT70jIj1x3Inest6a51XWZSe-KPmjX1yb5eTncv4OCvXxrCxAsCCJx9tNkgpUQxImLBixbT-gZYg4wRjNG9gLivCcgZyK5OKj3BwZ-N6s:1oVPth:M0W6k9jUySLLWSlWyujQGgfXnnfOW49pxKy4opdkYxw','2022-09-20 04:09:13.812429');
insert  into `django_session`(`session_key`,`session_data`,`expire_date`) values ('0h6dsd6n5y041yjhjvzkllpuaruup4qh','.eJxVjDsOwjAQBe_iGllrO_5R0nMGa71r4wBypHwqxN0hUgpo38y8l0i4rS1tS5nTyOIslBWn3zEjPUrfCd-x3yZJU1_nMctdkQdd5HXi8rwc7t9Bw6V9awJvDEUL7HSgECuBrhBVCAxcjCnWVfRIgIMytmodEQdiCM5mbZQX7w_5xzeb:1oYJuS:L52IV3rUiK110Fz4ieH_krWhOYrFCEc5FVQA5dR2xOA','2022-09-28 04:22:00.838604');
insert  into `django_session`(`session_key`,`session_data`,`expire_date`) values ('0jqewweis1g8p33hov7qkfyaylogl1k3','.eJxVjMEOwiAQBf-FsyHAQgGP3v0GAssiVQNJaU_Gf9cmPej1zcx7sRC3tYZt0BLmzM5MAjv9jinig9pO8j22W-fY27rMie8KP-jg157peTncv4MaR_3WaAinSQAhSo9QTKFiZRROK50KZKCsdNZaK-cVOY_CAVkL3ngCVIm9Pxo9OBc:1oY6FX:GsAXOM7wXshTiGAZfa1ySpPSArSS-Vrb5N0k_33tatE','2022-09-27 13:46:51.467802');
insert  into `django_session`(`session_key`,`session_data`,`expire_date`) values ('0l3vbbz3utcw64gpil2jkc6l09so4wd5','.eJxVjMEOwiAQBf-FsyHAQgGP3v0GAssiVQNJaU_Gf9cmPej1zcx7sRC3tYZt0BLmzM5MAjv9jinig9pO8j22W-fY27rMie8KP-jg157peTncv4MaR_3WaAinSQAhSo9QTKFiZRROK50KZKCsdNZaK-cVOY_CAVkL3ngCVIm9Pxo9OBc:1oXcyG:ALVeehLXwd6Gx695KXYVnHjtwz8cDujSao6vEx-hl6c','2022-09-26 06:31:04.174324');
insert  into `django_session`(`session_key`,`session_data`,`expire_date`) values ('0lx2jte0n6sltmiw83ptv6wjgf5ub5e7','.eJxVjMsOwiAUBf-FtSHcFgK4dO83kPugUjWQlHZl_Hdt0oVuz8ycl0q4rSVtPS9pFnVWMKjT70jIj1x3Inest6a51XWZSe-KPmjX1yb5eTncv4OCvXxrCxAsCCJx9tNkgpUQxImLBixbT-gZYg4wRjNG9gLivCcgZyK5OKj3BwZ-N6s:1oY0fE:U_47rv3rao7CtKB1XFY9UZ4W-UdMTxkPNObF8CIBcDk','2022-09-27 07:49:00.396452');
insert  into `django_session`(`session_key`,`session_data`,`expire_date`) values ('0nuam7w3r0too7n20e3g5dexqr5lrpvl','.eJxVjMsOwiAUBf-FtSHcFgK4dO83kPugUjWQlHZl_Hdt0oVuz8ycl0q4rSVtPS9pFnVWMKjT70jIj1x3Inest6a51XWZSe-KPmjX1yb5eTncv4OCvXxrCxAsCCJx9tNkgpUQxImLBixbT-gZYg4wRjNG9gLivCcgZyK5OKj3BwZ-N6s:1oVTQf:2H2Su7tJRJnQ3kWVBIkwBZ2YB4-MEfOyzS04YAvAmR4','2022-09-20 07:55:29.618574');
insert  into `django_session`(`session_key`,`session_data`,`expire_date`) values ('0pjs7ktec0p66x1pguetyjjs9tuym050','.eJxVjEEOwiAQRe_C2pDK0AFcuu8ZyMBMpWpoUtqV8e7apAvd_vfef6lI21ri1mSJE6uLQnX63RLlh9Qd8J3qbdZ5rusyJb0r-qBNDzPL83q4fweFWvnWgqELYCylc86QrOlGY30PySAwgEGC0ToKgsSZQdj5JCLescHe2azeH9lpOAg:1oSdxT:tvi7JXlMJVDB30qUvIXqDkv-oEIkPaOqDnztd1l6XvQ','2022-09-12 12:33:39.547173');
insert  into `django_session`(`session_key`,`session_data`,`expire_date`) values ('0tslk2a0f184w5vx77p6ed76dpk2yngi','.eJxVjEsOAiEQBe_C2hAQ6AaX7ucMhIbGGTWQzGdlvLtOMgvdvqp6LxHTto5xW3iOUxEX4cTpd6OUH9x2UO6p3brMva3zRHJX5EEXOfTCz-vh_h2MaRm_dSBQwJjd2WElNkFhVZ5Yk1dg0ADVErQrqIFCZVQmEBXnmRCsBSveH9wJN5Q:1oTJyc:7KYFVj9Rsdisuv9G617y3vL6LvSQyHhCbYuVE_hpI8Q','2022-09-14 09:25:38.639022');
insert  into `django_session`(`session_key`,`session_data`,`expire_date`) values ('0vt5bfqtr06cncclolls623juleu5hnd','.eJxVjEEOwiAQRe_C2hCggQ4u3XsGMswMUjVtUtpV490NSRe6_e-9f6iE-1bT3mRNE6urcuryu2Wkl8wd8BPnx6Jpmbd1yror-qRN3xeW9-10_w4qttprAHIkFg04Fh5sDITBURg9WiJbMGeAAH4wA6PJKMGLKW6MsSADqc8X_l04vQ:1oRTEs:YqXKYlUGfqTYeH-UKgNT7oF62pruGfNbfMVAXfFF3yg','2022-09-09 06:54:46.842963');
insert  into `django_session`(`session_key`,`session_data`,`expire_date`) values ('0x9py4gq1242muosdow70c4vtkii921d','.eJxVjMEOwiAQBf-FsyHAQgGP3v0GAssiVQNJaU_Gf9cmPej1zcx7sRC3tYZt0BLmzM5MAjv9jinig9pO8j22W-fY27rMie8KP-jg157peTncv4MaR_3WaAinSQAhSo9QTKFiZRROK50KZKCsdNZaK-cVOY_CAVkL3ngCVIm9Pxo9OBc:1oWcBS:BlSR14O00EHgx7t0WlXX-7VQy7qyctjxQaeL1BCqVqo','2022-09-23 11:28:30.709142');
insert  into `django_session`(`session_key`,`session_data`,`expire_date`) values ('0yitoe6mso8igny42ztrrp4jzjfjxv1h','.eJxVjMsOwiAUBf-FtSHcFgK4dO83kPugUjWQlHZl_Hdt0oVuz8ycl0q4rSVtPS9pFnVWMKjT70jIj1x3Inest6a51XWZSe-KPmjX1yb5eTncv4OCvXxrCxAsCCJx9tNkgpUQxImLBixbT-gZYg4wRjNG9gLivCcgZyK5OKj3BwZ-N6s:1oWc8e:i3-6B3PKKzbQS493ybeBEK1DU68fNMN-E3ur56iILtU','2022-09-23 11:25:36.344524');
insert  into `django_session`(`session_key`,`session_data`,`expire_date`) values ('0zwbl7ud8eq2qihx67wqt2pnh2nhyidy','.eJxVjMsOwiAUBf-FtSHcFgK4dO83kPugUjWQlHZl_Hdt0oVuz8ycl0q4rSVtPS9pFnVWMKjT70jIj1x3Inest6a51XWZSe-KPmjX1yb5eTncv4OCvXxrCxAsCCJx9tNkgpUQxImLBixbT-gZYg4wRjNG9gLivCcgZyK5OKj3BwZ-N6s:1oVSbX:6rfc6_292uuZezeD3wyZ_uolVmzPFVQUjDqRV6z-cRg','2022-09-20 07:02:39.487513');
insert  into `django_session`(`session_key`,`session_data`,`expire_date`) values ('165701o6kvtyalsl62374et27bv363uj','.eJxVjMsOwiAUBf-FtSHcFgK4dO83kPugUjWQlHZl_Hdt0oVuz8ycl0q4rSVtPS9pFnVWMKjT70jIj1x3Inest6a51XWZSe-KPmjX1yb5eTncv4OCvXxrCxAsCCJx9tNkgpUQxImLBixbT-gZYg4wRjNG9gLivCcgZyK5OKj3BwZ-N6s:1oVBGA:xhqwJ2OWvizSA-ygZq5pPxlw2jva5n1nSDyb_EqMbrs','2022-09-19 12:31:26.859152');
insert  into `django_session`(`session_key`,`session_data`,`expire_date`) values ('1ed6mt6kh63n27chztnatwbsbylo39nx','.eJxVjMsOwiAUBf-FtSHcFgK4dO83kPugUjWQlHZl_Hdt0oVuz8ycl0q4rSVtPS9pFnVWMKjT70jIj1x3Inest6a51XWZSe-KPmjX1yb5eTncv4OCvXxrCxAsCCJx9tNkgpUQxImLBixbT-gZYg4wRjNG9gLivCcgZyK5OKj3BwZ-N6s:1oVZpx:7cteuBIK35VxNlEvxy-mzTgQsYbWNULsz0AzafKuZwA','2022-09-20 14:46:01.840583');
insert  into `django_session`(`session_key`,`session_data`,`expire_date`) values ('1egvkr16p14ejan10bawhn9w3argjgah','.eJxVjMsOwiAUBf-FtSHcFgK4dO83kPugUjWQlHZl_Hdt0oVuz8ycl0q4rSVtPS9pFnVWMKjT70jIj1x3Inest6a51XWZSe-KPmjX1yb5eTncv4OCvXxrCxAsCCJx9tNkgpUQxImLBixbT-gZYg4wRjNG9gLivCcgZyK5OKj3BwZ-N6s:1oVUip:0l8Kq-yNU_ed9mVzuWpNhxgfXi97XMn_NLQ12yEXLoU','2022-09-20 09:18:19.461787');
insert  into `django_session`(`session_key`,`session_data`,`expire_date`) values ('1jdkkgre69qa2jtgjval7x7hlh0hnxa7','.eJxVjEEOwiAQRe_C2hCggQ4u3XsGMswMUjVtUtpV490NSRe6_e-9f6iE-1bT3mRNE6urcuryu2Wkl8wd8BPnx6Jpmbd1yror-qRN3xeW9-10_w4qttprAHIkFg04Fh5sDITBURg9WiJbMGeAAH4wA6PJKMGLKW6MsSADqc8X_l04vQ:1oMMvk:KGBo-tfV5TA_Gm4pmNMe9iR78uBEP4kwEqYzUU1X698','2022-08-26 05:09:56.979079');
insert  into `django_session`(`session_key`,`session_data`,`expire_date`) values ('1jsrgiqboh93fu5qe4zklhpu3rm3c5zb','.eJxVjDsOwjAQBe_iGln-xjIlPWewdr1rHECOFCdVxN1JpBTQvpl5m0iwLjWtnec0krgK7cTld0TIL24HoSe0xyTz1JZ5RHko8qRd3ifi9-10_w4q9LrXEVSwFqIJTivLmah4BewiG-tBF-9RYTagUOewazxE681Qoo7IRCQ-XwGvOFU:1oXHgI:7geyin-9Sr7BVF4VoFm3XTLkBn00bmFdXDap0DLVmOM','2022-09-25 07:47:06.724401');
insert  into `django_session`(`session_key`,`session_data`,`expire_date`) values ('1k0q4b3r8z1cq1p06hsgln8c52fng75l','.eJxVjMsOwiAUBf-FtSHcFgK4dO83kPugUjWQlHZl_Hdt0oVuz8ycl0q4rSVtPS9pFnVWMKjT70jIj1x3Inest6a51XWZSe-KPmjX1yb5eTncv4OCvXxrCxAsCCJx9tNkgpUQxImLBixbT-gZYg4wRjNG9gLivCcgZyK5OKj3BwZ-N6s:1oVSvF:Ck9ktRV1_8bGp70OspqrduEaulhhiLvF-LNKPqL0KOo','2022-09-20 07:23:01.145317');
insert  into `django_session`(`session_key`,`session_data`,`expire_date`) values ('1nc9qf35uq3sud3rvxii2b168240c8nc','.eJxVjMsOwiAUBf-FtSHcFgK4dO83kPugUjWQlHZl_Hdt0oVuz8ycl0q4rSVtPS9pFnVWMKjT70jIj1x3Inest6a51XWZSe-KPmjX1yb5eTncv4OCvXxrCxAsCCJx9tNkgpUQxImLBixbT-gZYg4wRjNG9gLivCcgZyK5OKj3BwZ-N6s:1oVZ8a:7jAxPoEFttYEswdAMDaWTsrSTb7yVUD124fp0sxe-iw','2022-09-20 14:01:12.956379');
insert  into `django_session`(`session_key`,`session_data`,`expire_date`) values ('1o9pxfiafvqj672gsj0mlozq6z1kq2v5','.eJxVjMsOwiAUBf-FtSHcFgK4dO83kPugUjWQlHZl_Hdt0oVuz8ycl0q4rSVtPS9pFnVWMKjT70jIj1x3Inest6a51XWZSe-KPmjX1yb5eTncv4OCvXxrCxAsCCJx9tNkgpUQxImLBixbT-gZYg4wRjNG9gLivCcgZyK5OKj3BwZ-N6s:1oXz1y:gN555BfMWyfxzcJH9-wkrG2vxNFADn_PlRAPufQvOIw','2022-09-27 06:04:22.407023');
insert  into `django_session`(`session_key`,`session_data`,`expire_date`) values ('1ob2enxp394zfxdbsuhh6r3lpxlje05q','.eJxVjDkOwjAUBe_iGlmOV0xJzxks_yU4gBwpTirE3XGkFNDOzHtvkfK2lrQ1XtJE4iIGJU6_EDI-ue6GHrneZ4lzXZcJ5J7IwzZ5m4lf16P9Oyi5lb5Gk5kxGEbjETU76zRa3fEYOzB-9GeMPAAYS4AZHZECH1TwFFyM4vMFOyk5Jg:1oXLtK:0suxwM9FkZSrDVkeqkx8GA9NrgkaXNLsOpgoCr-9lSI','2022-09-25 12:16:50.857287');
insert  into `django_session`(`session_key`,`session_data`,`expire_date`) values ('1plfq9y7k1t3qs3wm66xqpez5avus1ay','.eJxVjMsOwiAUBf-FtSHcFgK4dO83kPugUjWQlHZl_Hdt0oVuz8ycl0q4rSVtPS9pFnVWMKjT70jIj1x3Inest6a51XWZSe-KPmjX1yb5eTncv4OCvXxrCxAsCCJx9tNkgpUQxImLBixbT-gZYg4wRjNG9gLivCcgZyK5OKj3BwZ-N6s:1oWD7c:xIY11AB4qiLiWaH2KSCesQx9ept2HOvPAivwGpj_lNk','2022-09-22 08:42:52.935704');
insert  into `django_session`(`session_key`,`session_data`,`expire_date`) values ('1qoysvi8lacvs30qk6p39lqmqto6lsdm','.eJxVjMsOwiAUBf-FtSHcFgK4dO83kPugUjWQlHZl_Hdt0oVuz8ycl0q4rSVtPS9pFnVWMKjT70jIj1x3Inest6a51XWZSe-KPmjX1yb5eTncv4OCvXxrCxAsCCJx9tNkgpUQxImLBixbT-gZYg4wRjNG9gLivCcgZyK5OKj3BwZ-N6s:1oWZgC:6vIxtFofYGSryhEa7lp7c0b4X-IGWfjx_1gcpO5clF8','2022-09-23 08:48:04.174672');
insert  into `django_session`(`session_key`,`session_data`,`expire_date`) values ('1u9ltkkwmpp1evfrnfghkuyaydq6fv70','.eJxVjMsOwiAUBf-FtSHcFgK4dO83kPugUjWQlHZl_Hdt0oVuz8ycl0q4rSVtPS9pFnVWMKjT70jIj1x3Inest6a51XWZSe-KPmjX1yb5eTncv4OCvXxrCxAsCCJx9tNkgpUQxImLBixbT-gZYg4wRjNG9gLivCcgZyK5OKj3BwZ-N6s:1oVmSe:NilYBSFAOZZNfLUJu7lhyNobn2fqRePCsbLK1GKU8XE','2022-09-21 04:14:48.054592');
insert  into `django_session`(`session_key`,`session_data`,`expire_date`) values ('23d87mx5l3hsceyk4i00zr1atheq39r3','.eJxVjMsOwiAUBf-FtSHcFgK4dO83kPugUjWQlHZl_Hdt0oVuz8ycl0q4rSVtPS9pFnVWMKjT70jIj1x3Inest6a51XWZSe-KPmjX1yb5eTncv4OCvXxrCxAsCCJx9tNkgpUQxImLBixbT-gZYg4wRjNG9gLivCcgZyK5OKj3BwZ-N6s:1oVVLm:SkIDXGunNjEIi9mkLH6KqHYeEzHKITq5I-LQvBdSq-M','2022-09-20 09:58:34.312091');
insert  into `django_session`(`session_key`,`session_data`,`expire_date`) values ('25px23jrd2kqxglsv36xovho1h967j0p','e30:1oOfcH:Kc6xTE5hynG3TZ7_f1LOO4zBvDVlWnv5lHl-7oXTMYA','2022-09-01 13:31:21.719345');
insert  into `django_session`(`session_key`,`session_data`,`expire_date`) values ('26wqpvft2xfihbdht84i267qhykq95jk','.eJxVjMsOwiAUBf-FtSHcFgK4dO83kPugUjWQlHZl_Hdt0oVuz8ycl0q4rSVtPS9pFnVWMKjT70jIj1x3Inest6a51XWZSe-KPmjX1yb5eTncv4OCvXxrCxAsCCJx9tNkgpUQxImLBixbT-gZYg4wRjNG9gLivCcgZyK5OKj3BwZ-N6s:1oXyqT:BAJnKfynl5kFBIr7zlP83bMYU6B9dkbXj7gtLtuU5w8','2022-09-27 05:52:29.535654');
insert  into `django_session`(`session_key`,`session_data`,`expire_date`) values ('2bxrzv3753aajt9wasa165xj6ssc865c','.eJxVjMsOwiAUBf-FtSHcFgK4dO83kPugUjWQlHZl_Hdt0oVuz8ycl0q4rSVtPS9pFnVWMKjT70jIj1x3Inest6a51XWZSe-KPmjX1yb5eTncv4OCvXxrCxAsCCJx9tNkgpUQxImLBixbT-gZYg4wRjNG9gLivCcgZyK5OKj3BwZ-N6s:1oVwfh:RNEbMo2GL8q0_pKJfl0tgf9sxICjfBMUaKXWQs6NB6Q','2022-09-21 15:08:57.991613');
insert  into `django_session`(`session_key`,`session_data`,`expire_date`) values ('2hscrvv5kkfxzg5jw9h24ip80hastxug','.eJxVjMEOwiAQBf-FsyHAQgGP3v0GAssiVQNJaU_Gf9cmPej1zcx7sRC3tYZt0BLmzM5MAjv9jinig9pO8j22W-fY27rMie8KP-jg157peTncv4MaR_3WaAinSQAhSo9QTKFiZRROK50KZKCsdNZaK-cVOY_CAVkL3ngCVIm9Pxo9OBc:1oYmHD:cT6xP88VUnGBIL88pLM4JwAZQU173SX76SNsNj98JmE','2022-09-29 10:39:23.709565');
insert  into `django_session`(`session_key`,`session_data`,`expire_date`) values ('2hvuojohignctb4gmsujpkt723bft064','.eJxVjDkOwjAUBe_iGlmOV0xJzxks_yU4gBwpTirE3XGkFNDOzHtvkfK2lrQ1XtJE4iIGJU6_EDI-ue6GHrneZ4lzXZcJ5J7IwzZ5m4lf16P9Oyi5lb5Gk5kxGEbjETU76zRa3fEYOzB-9GeMPAAYS4AZHZECH1TwFFyM4vMFOyk5Jg:1oV7eC:FYPtapCte6a1As21Izy-BjSF46JHzj95v6SQ2vWBbPI','2022-09-19 08:40:00.235402');
insert  into `django_session`(`session_key`,`session_data`,`expire_date`) values ('2m17jvbayolamjhs2xk0hfetoitjynqn','.eJxVjEEOwiAQRe_C2hAYhgAu3XsGMsAgVUOT0q6Md9cmXej2v_f-S0Ta1ha3wUucijiLIE6_W6L84L6Dcqd-m2We-7pMSe6KPOiQ17nw83K4fweNRvvWzleNoAlNDa6ywQzKEAJWxRqd86yszglSChUyOEBLJXuDxlROYMX7A801N2o:1oV6yx:O9hZR9vGon4ELOPOMPmSWoltXndh3kndrm8PFRufG1I','2022-09-19 07:57:23.460704');
insert  into `django_session`(`session_key`,`session_data`,`expire_date`) values ('2m1ylligtl06cu0dvspg81rwh33uym4v','.eJxVjMEOwiAQBf-FsyHAQgGP3v0GAssiVQNJaU_Gf9cmPej1zcx7sRC3tYZt0BLmzM5MAjv9jinig9pO8j22W-fY27rMie8KP-jg157peTncv4MaR_3WaAinSQAhSo9QTKFiZRROK50KZKCsdNZaK-cVOY_CAVkL3ngCVIm9Pxo9OBc:1oWawP:jN6i5ALEbiRi4Rcu3uISUAxOVPY5aEoqoPsG4GrOntw','2022-09-23 10:08:53.778583');
insert  into `django_session`(`session_key`,`session_data`,`expire_date`) values ('2q1ox5o1f3sid2le4zydkk9q8mbho4yr','.eJxVjMsOwiAUBf-FtSHcFgK4dO83kPugUjWQlHZl_Hdt0oVuz8ycl0q4rSVtPS9pFnVWMKjT70jIj1x3Inest6a51XWZSe-KPmjX1yb5eTncv4OCvXxrCxAsCCJx9tNkgpUQxImLBixbT-gZYg4wRjNG9gLivCcgZyK5OKj3BwZ-N6s:1oY6OW:MJ5Zgf2SQbgp_So1LqC77WkjMb8c-LOX0iFo3asnVE0','2022-09-27 13:56:08.852811');
insert  into `django_session`(`session_key`,`session_data`,`expire_date`) values ('2s0zv7yndw3c56u9rnniwu1ozmcfselz','.eJxVjMsOwiAUBf-FtSHcFgK4dO83kPugUjWQlHZl_Hdt0oVuz8ycl0q4rSVtPS9pFnVWMKjT70jIj1x3Inest6a51XWZSe-KPmjX1yb5eTncv4OCvXxrCxAsCCJx9tNkgpUQxImLBixbT-gZYg4wRjNG9gLivCcgZyK5OKj3BwZ-N6s:1oVc7C:VqSqcp3PZSBAiEOH26BReqCLa6q1cPWIDb9RNqSkrUw','2022-09-20 17:11:58.139781');
insert  into `django_session`(`session_key`,`session_data`,`expire_date`) values ('2v12v65jnkef30ydouj5wlj2yt64nf4d','.eJxVjMsOwiAUBf-FtSHcFgK4dO83kPugUjWQlHZl_Hdt0oVuz8ycl0q4rSVtPS9pFnVWMKjT70jIj1x3Inest6a51XWZSe-KPmjX1yb5eTncv4OCvXxrCxAsCCJx9tNkgpUQxImLBixbT-gZYg4wRjNG9gLivCcgZyK5OKj3BwZ-N6s:1oVBy6:M1moWVAPNVNh1sFT-jMezfO0N-J_QfJuJ7chcoPf2U4','2022-09-19 13:16:50.724187');
insert  into `django_session`(`session_key`,`session_data`,`expire_date`) values ('2xdrlynvlkmf5dytz8rki2k3jq6zdab8','.eJxVjDsOwjAQBe_iGln-xjIlPWewdr1rHECOFCdVxN1JpBTQvpl5m0iwLjWtnec0krgK7cTld0TIL24HoSe0xyTz1JZ5RHko8qRd3ifi9-10_w4q9LrXEVSwFqIJTivLmah4BewiG-tBF-9RYTagUOewazxE681Qoo7IRCQ-XwGvOFU:1oXhQX:DUucMGAidtLQ5hS_EOcMA9raqxZFd89-UqNG_jUgl9w','2022-09-26 11:16:33.480280');
insert  into `django_session`(`session_key`,`session_data`,`expire_date`) values ('37tujb253hhzkdaz0d0cr7rd6hai4w7t','.eJxVjEEOwiAQRe_C2hCggQ4u3XsGMswMUjVtUtpV490NSRe6_e-9f6iE-1bT3mRNE6urcuryu2Wkl8wd8BPnx6Jpmbd1yror-qRN3xeW9-10_w4qttprAHIkFg04Fh5sDITBURg9WiJbMGeAAH4wA6PJKMGLKW6MsSADqc8X_l04vQ:1oNSnt:5HloeLdvZaqBCm7qu-uMmy8MlO3my4UJfQuvYWYO5ME','2022-08-29 05:38:21.155805');
insert  into `django_session`(`session_key`,`session_data`,`expire_date`) values ('39e7x80suhbgqlw32pxjrq22ljy2gn3x','.eJxVjMEOwiAQBf-FsyHAQgGP3v0GAssiVQNJaU_Gf9cmPej1zcx7sRC3tYZt0BLmzM5MAjv9jinig9pO8j22W-fY27rMie8KP-jg157peTncv4MaR_3WaAinSQAhSo9QTKFiZRROK50KZKCsdNZaK-cVOY_CAVkL3ngCVIm9Pxo9OBc:1oWcFG:dX5tuqDKgPSRMvHYRLBUv0Svji1Ek3rlsJQqpixbVJY','2022-09-23 11:32:26.039625');
insert  into `django_session`(`session_key`,`session_data`,`expire_date`) values ('3dzzuo1iz407c0wq2e1ai2kzz0nghc0t','.eJxVjMsOwiAUBf-FtSHcFgK4dO83kPugUjWQlHZl_Hdt0oVuz8ycl0q4rSVtPS9pFnVWMKjT70jIj1x3Inest6a51XWZSe-KPmjX1yb5eTncv4OCvXxrCxAsCCJx9tNkgpUQxImLBixbT-gZYg4wRjNG9gLivCcgZyK5OKj3BwZ-N6s:1oVm16:mkgj5mLsXKXqBZ-spgyBwAq_ji76CS4djwwB_c1I43c','2022-09-21 03:46:20.915350');
insert  into `django_session`(`session_key`,`session_data`,`expire_date`) values ('3eni8nq7ufkl15zrimu8i2wt17hv76e2','.eJxVjMsOwiAUBf-FtSHcFgK4dO83kPugUjWQlHZl_Hdt0oVuz8ycl0q4rSVtPS9pFnVWMKjT70jIj1x3Inest6a51XWZSe-KPmjX1yb5eTncv4OCvXxrCxAsCCJx9tNkgpUQxImLBixbT-gZYg4wRjNG9gLivCcgZyK5OKj3BwZ-N6s:1oVSzV:SQM7lZL4QVc8PyzRxhdqx7lZe82djev4vBUOR6vJoWY','2022-09-20 07:27:25.424195');
insert  into `django_session`(`session_key`,`session_data`,`expire_date`) values ('3f6v6ctd1srgn6fo1sygmi9zm33aj2ln','.eJxVjMsOwiAUBf-FtSHcFgK4dO83kPugUjWQlHZl_Hdt0oVuz8ycl0q4rSVtPS9pFnVWMKjT70jIj1x3Inest6a51XWZSe-KPmjX1yb5eTncv4OCvXxrCxAsCCJx9tNkgpUQxImLBixbT-gZYg4wRjNG9gLivCcgZyK5OKj3BwZ-N6s:1oVlf3:rR1T3teioN-wwIJrdSsfEM0jQZmasje9nre_Md-CzIA','2022-09-21 03:23:33.437407');
insert  into `django_session`(`session_key`,`session_data`,`expire_date`) values ('3k7j9x7kllt78mtx6v00z3geg63pwluh','.eJxVjMsOwiAUBf-FtSHcFgK4dO83kPugUjWQlHZl_Hdt0oVuz8ycl0q4rSVtPS9pFnVWMKjT70jIj1x3Inest6a51XWZSe-KPmjX1yb5eTncv4OCvXxrCxAsCCJx9tNkgpUQxImLBixbT-gZYg4wRjNG9gLivCcgZyK5OKj3BwZ-N6s:1oY1Wq:R986iqYo36wW2lkuoveVmTNDRgWUEODRKj910A1WS90','2022-09-27 08:44:24.190218');
insert  into `django_session`(`session_key`,`session_data`,`expire_date`) values ('3kgl7apmdt8rq9be13ahytppmi57cbtl','.eJxVjMsOwiAUBf-FtSHcFgK4dO83kPugUjWQlHZl_Hdt0oVuz8ycl0q4rSVtPS9pFnVWMKjT70jIj1x3Inest6a51XWZSe-KPmjX1yb5eTncv4OCvXxrCxAsCCJx9tNkgpUQxImLBixbT-gZYg4wRjNG9gLivCcgZyK5OKj3BwZ-N6s:1oVovY:k44UqCCiJMKxDHkj3FlzLbTZQ-aE2lROzBoQr98tz6w','2022-09-21 06:52:48.153490');
insert  into `django_session`(`session_key`,`session_data`,`expire_date`) values ('3oyrt601zgjqkdt0sq4duqotjxskmyjc','.eJxVjMsOwiAUBf-FtSHcFgK4dO83kPugUjWQlHZl_Hdt0oVuz8ycl0q4rSVtPS9pFnVWMKjT70jIj1x3Inest6a51XWZSe-KPmjX1yb5eTncv4OCvXxrCxAsCCJx9tNkgpUQxImLBixbT-gZYg4wRjNG9gLivCcgZyK5OKj3BwZ-N6s:1oVbzP:36fJNoRliSzmksgJeOYuPE63qeZCBX_4uwk8-jbsYow','2022-09-20 17:03:55.950767');
insert  into `django_session`(`session_key`,`session_data`,`expire_date`) values ('3uxnbs8daiex324dngsn79m9az094ck4','.eJxVjMsOwiAUBf-FtSHcFgK4dO83kPugUjWQlHZl_Hdt0oVuz8ycl0q4rSVtPS9pFnVWMKjT70jIj1x3Inest6a51XWZSe-KPmjX1yb5eTncv4OCvXxrCxAsCCJx9tNkgpUQxImLBixbT-gZYg4wRjNG9gLivCcgZyK5OKj3BwZ-N6s:1oVoTu:_A6g3y01CkllMHPOp0nOsjWbtNwTLMIiu4TVrT6rGwI','2022-09-21 06:24:14.088033');
insert  into `django_session`(`session_key`,`session_data`,`expire_date`) values ('3vxzlvwt1jwe9u8d5auo3sqpf947y4ez','.eJxVjMsOwiAUBf-FtSHcFgK4dO83kPugUjWQlHZl_Hdt0oVuz8ycl0q4rSVtPS9pFnVWMKjT70jIj1x3Inest6a51XWZSe-KPmjX1yb5eTncv4OCvXxrCxAsCCJx9tNkgpUQxImLBixbT-gZYg4wRjNG9gLivCcgZyK5OKj3BwZ-N6s:1oVc57:vZKbeGXtU1JkVDC0mA67HQ4yHnITUhUbblWTen8ZOQs','2022-09-20 17:09:49.485386');
insert  into `django_session`(`session_key`,`session_data`,`expire_date`) values ('3w9qdkvodn10jy99agxnoi9mxo9oe4v7','.eJxVjMEOwiAQBf-FsyHAQgGP3v0GAssiVQNJaU_Gf9cmPej1zcx7sRC3tYZt0BLmzM5MAjv9jinig9pO8j22W-fY27rMie8KP-jg157peTncv4MaR_3WaAinSQAhSo9QTKFiZRROK50KZKCsdNZaK-cVOY_CAVkL3ngCVIm9Pxo9OBc:1oXdJY:D4fsLgNd200cqMG2qbxzL8tO-jZj9rxK9xXa7jvuvKQ','2022-09-26 06:53:04.657114');
insert  into `django_session`(`session_key`,`session_data`,`expire_date`) values ('3xoriw0n7lku2k6eu1mvlqxew5tmxhfs','.eJxVjMsOwiAUBf-FtSHcFgK4dO83kPugUjWQlHZl_Hdt0oVuz8ycl0q4rSVtPS9pFnVWMKjT70jIj1x3Inest6a51XWZSe-KPmjX1yb5eTncv4OCvXxrCxAsCCJx9tNkgpUQxImLBixbT-gZYg4wRjNG9gLivCcgZyK5OKj3BwZ-N6s:1oWBvX:0BgzV5wJZ6eDQ0HpSWyA5TCAH-RdCQJ39UBjSJaPty4','2022-09-22 07:26:19.554030');
insert  into `django_session`(`session_key`,`session_data`,`expire_date`) values ('3zqyhtrue81humkao5irpbg58qccy5en','.eJxVjMsOwiAUBf-FtSHcFgK4dO83kPugUjWQlHZl_Hdt0oVuz8ycl0q4rSVtPS9pFnVWMKjT70jIj1x3Inest6a51XWZSe-KPmjX1yb5eTncv4OCvXxrCxAsCCJx9tNkgpUQxImLBixbT-gZYg4wRjNG9gLivCcgZyK5OKj3BwZ-N6s:1oVml6:yRiu5amz4D2AA_hBzvlPSXEcrAA7D9aZ5QWVRLQiErw','2022-09-21 04:33:52.401832');
insert  into `django_session`(`session_key`,`session_data`,`expire_date`) values ('43mpa3kjm7dgqepzv6xwtme83rskqmox','.eJxVjMsOwiAUBf-FtSHcFgK4dO83kPugUjWQlHZl_Hdt0oVuz8ycl0q4rSVtPS9pFnVWMKjT70jIj1x3Inest6a51XWZSe-KPmjX1yb5eTncv4OCvXxrCxAsCCJx9tNkgpUQxImLBixbT-gZYg4wRjNG9gLivCcgZyK5OKj3BwZ-N6s:1oVx7e:AGCzVox4Lj_i-IsmH8rF0gdwMZO4VXxpeMQ1I3e7zaY','2022-09-21 15:37:50.079713');
insert  into `django_session`(`session_key`,`session_data`,`expire_date`) values ('46xhgdrttz6as5v1a9v3wg0dtwgasxia','.eJxVjEEOwiAQRe_C2hAYhgAu3XsGMsAgVUOT0q6Md9cmXej2v_f-S0Ta1ha3wUucijiLIE6_W6L84L6Dcqd-m2We-7pMSe6KPOiQ17nw83K4fweNRvvWzleNoAlNDa6ywQzKEAJWxRqd86yszglSChUyOEBLJXuDxlROYMX7A801N2o:1oV6cm:Nx951xY6zbRlxqbd4HeO3ncxFLfPQ9FkU_LplebHQls','2022-09-19 07:34:28.460594');
insert  into `django_session`(`session_key`,`session_data`,`expire_date`) values ('4aaobkb3g5szwl9sy5tc1kqj8760taxp','.eJxVjDsOwjAQBe_iGln-xjIlPWewdr1rHECOFCdVxN1JpBTQvpl5m0iwLjWtnec0krgK7cTld0TIL24HoSe0xyTz1JZ5RHko8qRd3ifi9-10_w4q9LrXEVSwFqIJTivLmah4BewiG-tBF-9RYTagUOewazxE681Qoo7IRCQ-XwGvOFU:1oYJwX:ydxGB9HlFrEgsaIQJ8xK3YXh_fBR8l1xiw0DCpEhq60','2022-09-28 04:24:09.236555');
insert  into `django_session`(`session_key`,`session_data`,`expire_date`) values ('4bn7i31xnlgxsfkm58w9yake94366jn0','.eJxVjMEOwiAQBf-FsyHAQgGP3v0GAssiVQNJaU_Gf9cmPej1zcx7sRC3tYZt0BLmzM5MAjv9jinig9pO8j22W-fY27rMie8KP-jg157peTncv4MaR_3WaAinSQAhSo9QTKFiZRROK50KZKCsdNZaK-cVOY_CAVkL3ngCVIm9Pxo9OBc:1oWcJ6:Cro1m-2Od82B2dALu_cXX_vxFrHOsUPizYOGfSDI2rI','2022-09-23 11:36:24.341519');
insert  into `django_session`(`session_key`,`session_data`,`expire_date`) values ('4hy9g0fpg707344n511mnekdveml71xh','.eJxVjMEOwiAQBf-FsyHAQgGP3v0GAssiVQNJaU_Gf9cmPej1zcx7sRC3tYZt0BLmzM5MAjv9jinig9pO8j22W-fY27rMie8KP-jg157peTncv4MaR_3WaAinSQAhSo9QTKFiZRROK50KZKCsdNZaK-cVOY_CAVkL3ngCVIm9Pxo9OBc:1oWbBV:KU_T7_i0EMxO6DYu0guxleZCIKbO5T4wn55lPjb_9iI','2022-09-23 10:24:29.420072');
insert  into `django_session`(`session_key`,`session_data`,`expire_date`) values ('4kahvwdd60agc05c02mqhv40kowwttcd','.eJxVjMsOwiAUBf-FtSHcFgK4dO83kPugUjWQlHZl_Hdt0oVuz8ycl0q4rSVtPS9pFnVWMKjT70jIj1x3Inest6a51XWZSe-KPmjX1yb5eTncv4OCvXxrCxAsCCJx9tNkgpUQxImLBixbT-gZYg4wRjNG9gLivCcgZyK5OKj3BwZ-N6s:1oVVNK:hsfOqocjJnZJK2LwnKFdh8mQY4ZK69esRHF9fnt4hRM','2022-09-20 10:00:10.376816');
insert  into `django_session`(`session_key`,`session_data`,`expire_date`) values ('4mlwgrqn7lwlgdqt81gh9exxawyxrpxj','.eJxVjEsOAiEQBe_C2hAQ6AaX7ucMhIbGGTWQzGdlvLtOMgvdvqp6LxHTto5xW3iOUxEX4cTpd6OUH9x2UO6p3brMva3zRHJX5EEXOfTCz-vh_h2MaRm_dSBQwJjd2WElNkFhVZ5Yk1dg0ADVErQrqIFCZVQmEBXnmRCsBSveH9wJN5Q:1oTJmH:cQB4VviV3m6H3lbpDiB6amwKU7KNac_RTHvi6_TLlmE','2022-09-14 09:12:53.340849');
insert  into `django_session`(`session_key`,`session_data`,`expire_date`) values ('4qr3q0i4399zkkdnuftve4i9g8b41vf4','.eJxVjMsOwiAUBf-FtSHcFgK4dO83kPugUjWQlHZl_Hdt0oVuz8ycl0q4rSVtPS9pFnVWMKjT70jIj1x3Inest6a51XWZSe-KPmjX1yb5eTncv4OCvXxrCxAsCCJx9tNkgpUQxImLBixbT-gZYg4wRjNG9gLivCcgZyK5OKj3BwZ-N6s:1oVmAD:EErbJzHbz9ZU_MiY30PmN6Lj0g8EQ0PbM_0P62US05Q','2022-09-21 03:55:45.012061');
insert  into `django_session`(`session_key`,`session_data`,`expire_date`) values ('4qxuljeo2qrlteasza1ene54tyi22gsq','.eJxVjMEOwiAQBf-FsyHAQgGP3v0GAssiVQNJaU_Gf9cmPej1zcx7sRC3tYZt0BLmzM5MAjv9jinig9pO8j22W-fY27rMie8KP-jg157peTncv4MaR_3WaAinSQAhSo9QTKFiZRROK50KZKCsdNZaK-cVOY_CAVkL3ngCVIm9Pxo9OBc:1oY63v:D62cuS9xHsFafsKFAuNgdxtDyCB6R1t6LDe6bvfE8ls','2022-09-27 13:34:51.460318');
insert  into `django_session`(`session_key`,`session_data`,`expire_date`) values ('4til3f5fcsgs9ik15xfyndxvwmvq9vwm','.eJxVjMsOwiAUBf-FtSHcFgK4dO83kPugUjWQlHZl_Hdt0oVuz8ycl0q4rSVtPS9pFnVWMKjT70jIj1x3Inest6a51XWZSe-KPmjX1yb5eTncv4OCvXxrCxAsCCJx9tNkgpUQxImLBixbT-gZYg4wRjNG9gLivCcgZyK5OKj3BwZ-N6s:1oWDG3:00bsiMyprqxdiGcDXEamTgn5ydiZfc10Q0Tz_INQ3-M','2022-09-22 08:51:35.290873');
insert  into `django_session`(`session_key`,`session_data`,`expire_date`) values ('4xlgt3fyspc73dpa43a7cog0z5ut8t14','.eJxVjMsOwiAUBf-FtSHcFgK4dO83kPugUjWQlHZl_Hdt0oVuz8ycl0q4rSVtPS9pFnVWMKjT70jIj1x3Inest6a51XWZSe-KPmjX1yb5eTncv4OCvXxrCxAsCCJx9tNkgpUQxImLBixbT-gZYg4wRjNG9gLivCcgZyK5OKj3BwZ-N6s:1oVcKQ:L6F7u0TWHupHkNHkTkImW67bmfHHfOFTbcb91daFx_E','2022-09-20 17:25:38.208256');
insert  into `django_session`(`session_key`,`session_data`,`expire_date`) values ('4z0yoa3usgr2qmyjfuo2bo1h9fvkwfxy','.eJxVjMsOwiAUBf-FtSHcFgK4dO83kPugUjWQlHZl_Hdt0oVuz8ycl0q4rSVtPS9pFnVWMKjT70jIj1x3Inest6a51XWZSe-KPmjX1yb5eTncv4OCvXxrCxAsCCJx9tNkgpUQxImLBixbT-gZYg4wRjNG9gLivCcgZyK5OKj3BwZ-N6s:1oVoAi:5SLq9w2hRuVVtGu4WKzjEkr-0IH7fhxrmmQMtx_yURs','2022-09-21 06:04:24.309920');
insert  into `django_session`(`session_key`,`session_data`,`expire_date`) values ('4za0u4tvu4aer9mptbuyh0zrlvs0s4iv','.eJxVjMsOwiAUBf-FtSHcFgK4dO83kPugUjWQlHZl_Hdt0oVuz8ycl0q4rSVtPS9pFnVWMKjT70jIj1x3Inest6a51XWZSe-KPmjX1yb5eTncv4OCvXxrCxAsCCJx9tNkgpUQxImLBixbT-gZYg4wRjNG9gLivCcgZyK5OKj3BwZ-N6s:1oWcCp:se0hoEjiqKx3K1oFKwpY9WGaQgewBnX2pekBBrz4LAI','2022-09-23 11:29:55.503338');
insert  into `django_session`(`session_key`,`session_data`,`expire_date`) values ('51jqa2kjvoljch19abowi56t6vp88k26','.eJxVjMsOwiAUBf-FtSHcFgK4dO83kPugUjWQlHZl_Hdt0oVuz8ycl0q4rSVtPS9pFnVWMKjT70jIj1x3Inest6a51XWZSe-KPmjX1yb5eTncv4OCvXxrCxAsCCJx9tNkgpUQxImLBixbT-gZYg4wRjNG9gLivCcgZyK5OKj3BwZ-N6s:1oVSPg:QDxIyKQxNO_k9Rs-AgVlrFq0PSXs4ck-16_kPA3JkpY','2022-09-20 06:50:24.587793');
insert  into `django_session`(`session_key`,`session_data`,`expire_date`) values ('52vhmslsv3t13i7l4tgsyuirruooasf9','.eJxVjMEOwiAQBf-FsyHAQgGP3v0GAssiVQNJaU_Gf9cmPej1zcx7sRC3tYZt0BLmzM5MAjv9jinig9pO8j22W-fY27rMie8KP-jg157peTncv4MaR_3WaAinSQAhSo9QTKFiZRROK50KZKCsdNZaK-cVOY_CAVkL3ngCVIm9Pxo9OBc:1oWc7j:CDGBPHZwrkPD66a92UnXjr9K_E6UFzNzwSw_yr-I5rs','2022-09-23 11:24:39.857611');
insert  into `django_session`(`session_key`,`session_data`,`expire_date`) values ('58q5cbaj572l1xniswexbmo8fubk8c7b','.eJxVjMsOwiAUBf-FtSHcFgK4dO83kPugUjWQlHZl_Hdt0oVuz8ycl0q4rSVtPS9pFnVWMKjT70jIj1x3Inest6a51XWZSe-KPmjX1yb5eTncv4OCvXxrCxAsCCJx9tNkgpUQxImLBixbT-gZYg4wRjNG9gLivCcgZyK5OKj3BwZ-N6s:1oWIKR:0vIw7I0rsZeVHVieIe7z-idQRdrMq_YQCUpFMcITCao','2022-09-22 14:16:27.518091');
insert  into `django_session`(`session_key`,`session_data`,`expire_date`) values ('5eang3fx561ywksf6e49et60646dqxsc','.eJxVjMEOwiAQBf-FsyHAQgGP3v0GAssiVQNJaU_Gf9cmPej1zcx7sRC3tYZt0BLmzM5MAjv9jinig9pO8j22W-fY27rMie8KP-jg157peTncv4MaR_3WaAinSQAhSo9QTKFiZRROK50KZKCsdNZaK-cVOY_CAVkL3ngCVIm9Pxo9OBc:1oWcOk:2WISW36OJBI94UmQGLkU0N8nS5YF8RPZGqGWT8D1MqU','2022-09-23 11:42:14.349339');
insert  into `django_session`(`session_key`,`session_data`,`expire_date`) values ('5em9goplshydeq65ma3sy4pystd0tthg','.eJxVjMsOwiAUBf-FtSHcFgK4dO83kPugUjWQlHZl_Hdt0oVuz8ycl0q4rSVtPS9pFnVWMKjT70jIj1x3Inest6a51XWZSe-KPmjX1yb5eTncv4OCvXxrCxAsCCJx9tNkgpUQxImLBixbT-gZYg4wRjNG9gLivCcgZyK5OKj3BwZ-N6s:1oXb0W:CDsfEYNJkvjcn_Kh72OKwBmJ9P3UpZR3gGJVinU4xI8','2022-09-26 04:25:16.544392');
insert  into `django_session`(`session_key`,`session_data`,`expire_date`) values ('5j9igylk6lskblkpcmyew7dl4rn0fdis','.eJxVjEEOwiAQRe_C2pDK0AFcuu8ZyMBMpWpoUtqV8e7apAvd_vfef6lI21ri1mSJE6uLQnX63RLlh9Qd8J3qbdZ5rusyJb0r-qBNDzPL83q4fweFWvnWgqELYCylc86QrOlGY30PySAwgEGC0ToKgsSZQdj5JCLescHe2azeH9lpOAg:1oSeCP:LGkequgCTjj-Gbd2_vsa54DU2mMVG9Fqrn6SUIPdvVI','2022-09-12 12:49:05.466493');
insert  into `django_session`(`session_key`,`session_data`,`expire_date`) values ('5n2xay7gtmvx0kou8y542tnckqellpbj','.eJxVjMsOwiAUBf-FtSHcFgK4dO83kPugUjWQlHZl_Hdt0oVuz8ycl0q4rSVtPS9pFnVWMKjT70jIj1x3Inest6a51XWZSe-KPmjX1yb5eTncv4OCvXxrCxAsCCJx9tNkgpUQxImLBixbT-gZYg4wRjNG9gLivCcgZyK5OKj3BwZ-N6s:1oVo2q:il9pxKWHI0NFXLWxuWxlSRhEKyWhSsb1PPlujhdDtqU','2022-09-21 05:56:16.008876');
insert  into `django_session`(`session_key`,`session_data`,`expire_date`) values ('5snc50jzy85f89altugsot7p7esk1pn9','.eJxVjDsOwjAQBe_iGln-xjIlPWewdr1rHECOFCdVxN1JpBTQvpl5m0iwLjWtnec0krgK7cTld0TIL24HoSe0xyTz1JZ5RHko8qRd3ifi9-10_w4q9LrXEVSwFqIJTivLmah4BewiG-tBF-9RYTagUOewazxE681Qoo7IRCQ-XwGvOFU:1oXfiA:pldICsXxeEGTtYpL6efZjCpDaFAJd8939RCLqc3bufU','2022-09-26 09:26:38.184283');
insert  into `django_session`(`session_key`,`session_data`,`expire_date`) values ('5wpdol6i0homg4q5800hbdm4wyy26eci','.eJxVjMsOwiAUBf-FtSHcFgK4dO83kPugUjWQlHZl_Hdt0oVuz8ycl0q4rSVtPS9pFnVWMKjT70jIj1x3Inest6a51XWZSe-KPmjX1yb5eTncv4OCvXxrCxAsCCJx9tNkgpUQxImLBixbT-gZYg4wRjNG9gLivCcgZyK5OKj3BwZ-N6s:1oVBEf:hD7k3tuk36bKB2Afb8h5m2r49HYf24MJ0CgyqqsjPIc','2022-09-19 12:29:53.738225');
insert  into `django_session`(`session_key`,`session_data`,`expire_date`) values ('63i4mnuowxvr92rw7gk9rzuhbputkoh3','.eJxVjEEOwiAQRe_C2hAYhgAu3XsGMsAgVUOT0q6Md9cmXej2v_f-S0Ta1ha3wUucijiLIE6_W6L84L6Dcqd-m2We-7pMSe6KPOiQ17nw83K4fweNRvvWzleNoAlNDa6ywQzKEAJWxRqd86yszglSChUyOEBLJXuDxlROYMX7A801N2o:1oV6w7:NUEQfYRBo6Ib0Ww5T4qYjLshTbikROmS3Z-dZ1Ed_fQ','2022-09-19 07:54:27.137090');
insert  into `django_session`(`session_key`,`session_data`,`expire_date`) values ('65qk8vr54veqkxc2a6y6chemrsfgoeuv','.eJxVjMsOwiAUBf-FtSHcFgK4dO83kPugUjWQlHZl_Hdt0oVuz8ycl0q4rSVtPS9pFnVWMKjT70jIj1x3Inest6a51XWZSe-KPmjX1yb5eTncv4OCvXxrCxAsCCJx9tNkgpUQxImLBixbT-gZYg4wRjNG9gLivCcgZyK5OKj3BwZ-N6s:1oVmZo:iwvCQFuoVRlHnCV2PZ-LFWpEvvhkmBQ5t_qBXYR63wQ','2022-09-21 04:22:12.681408');
insert  into `django_session`(`session_key`,`session_data`,`expire_date`) values ('66h76h51dix9si0ysgf10ddchrlxgpvw','.eJxVjMEOwiAQBf-FsyHAQgGP3v0GAssiVQNJaU_Gf9cmPej1zcx7sRC3tYZt0BLmzM5MAjv9jinig9pO8j22W-fY27rMie8KP-jg157peTncv4MaR_3WaAinSQAhSo9QTKFiZRROK50KZKCsdNZaK-cVOY_CAVkL3ngCVIm9Pxo9OBc:1oWcMo:yxDPfNLE8jtmk3WrHKAx-8pmY7iBjIrZRxA1q7AvNuA','2022-09-23 11:40:14.672446');
insert  into `django_session`(`session_key`,`session_data`,`expire_date`) values ('6ich9nmmcrpks21s0xvypgtlgrokj4s6','.eJxVjMsOwiAUBf-FtSHcFgK4dO83kPugUjWQlHZl_Hdt0oVuz8ycl0q4rSVtPS9pFnVWMKjT70jIj1x3Inest6a51XWZSe-KPmjX1yb5eTncv4OCvXxrCxAsCCJx9tNkgpUQxImLBixbT-gZYg4wRjNG9gLivCcgZyK5OKj3BwZ-N6s:1oVUuN:pkngxzX08D4pYonfolxNwjbVpXds_6_TKaYL7feBGjg','2022-09-20 09:30:15.184962');
insert  into `django_session`(`session_key`,`session_data`,`expire_date`) values ('6l7sjjgt6k98zygf7jxb7vkftdb9uiiy','.eJxVjMsOwiAUBf-FtSHcFgK4dO83kPugUjWQlHZl_Hdt0oVuz8ycl0q4rSVtPS9pFnVWMKjT70jIj1x3Inest6a51XWZSe-KPmjX1yb5eTncv4OCvXxrCxAsCCJx9tNkgpUQxImLBixbT-gZYg4wRjNG9gLivCcgZyK5OKj3BwZ-N6s:1oVBtv:b9Q6gn0-sbBQNWOXZFxPTVm4riF0nUDTFIvJ9JLZZsc','2022-09-19 13:12:31.495457');
insert  into `django_session`(`session_key`,`session_data`,`expire_date`) values ('6luwsjjl4k8zamv6coxwzro237a76am1','.eJxVjMsOwiAUBf-FtSHcFgK4dO83kPugUjWQlHZl_Hdt0oVuz8ycl0q4rSVtPS9pFnVWMKjT70jIj1x3Inest6a51XWZSe-KPmjX1yb5eTncv4OCvXxrCxAsCCJx9tNkgpUQxImLBixbT-gZYg4wRjNG9gLivCcgZyK5OKj3BwZ-N6s:1oVDhE:nYltMTMWpXESuUHxmzNQTahYzAQpSWa1NcEkaX7H3MA','2022-09-19 15:07:32.431544');
insert  into `django_session`(`session_key`,`session_data`,`expire_date`) values ('6m4n7dkax8r7c4pxhqemlfrwgo87hmsx','.eJxVjMsOwiAUBf-FtSHcFgK4dO83kPugUjWQlHZl_Hdt0oVuz8ycl0q4rSVtPS9pFnVWMKjT70jIj1x3Inest6a51XWZSe-KPmjX1yb5eTncv4OCvXxrCxAsCCJx9tNkgpUQxImLBixbT-gZYg4wRjNG9gLivCcgZyK5OKj3BwZ-N6s:1oVwJe:ggLMujx7PML0R7T3bajU7nbBl1w8T06o9CKAuw8jytE','2022-09-21 14:46:10.816622');
insert  into `django_session`(`session_key`,`session_data`,`expire_date`) values ('6t0qxjhzqx49y48dr1j9pfaaubggc352','.eJxVjMsOwiAUBf-FtSHcFgK4dO83kPugUjWQlHZl_Hdt0oVuz8ycl0q4rSVtPS9pFnVWMKjT70jIj1x3Inest6a51XWZSe-KPmjX1yb5eTncv4OCvXxrCxAsCCJx9tNkgpUQxImLBixbT-gZYg4wRjNG9gLivCcgZyK5OKj3BwZ-N6s:1oVlkO:7kzsU8VgrdS_DxO7hhysgjH5kCNU5KnF-RL70UmiSTc','2022-09-21 03:29:04.362843');
insert  into `django_session`(`session_key`,`session_data`,`expire_date`) values ('6ww73czmfhvrk3aya3h5zf8k21eobttw','.eJxVjMsOwiAUBf-FtSHcFgK4dO83kPugUjWQlHZl_Hdt0oVuz8ycl0q4rSVtPS9pFnVWMKjT70jIj1x3Inest6a51XWZSe-KPmjX1yb5eTncv4OCvXxrCxAsCCJx9tNkgpUQxImLBixbT-gZYg4wRjNG9gLivCcgZyK5OKj3BwZ-N6s:1oVDfL:7UuS8LVLENjTsvBxqaVETDxhaymYQQB2DPKHrFlEchs','2022-09-19 15:05:35.088406');
insert  into `django_session`(`session_key`,`session_data`,`expire_date`) values ('74uwctp15fxaojza3l7t49sgsn818a5f','.eJxVjMEOwiAQBf-FsyHAQgGP3v0GAssiVQNJaU_Gf9cmPej1zcx7sRC3tYZt0BLmzM5MAjv9jinig9pO8j22W-fY27rMie8KP-jg157peTncv4MaR_3WaAinSQAhSo9QTKFiZRROK50KZKCsdNZaK-cVOY_CAVkL3ngCVIm9Pxo9OBc:1oXd79:iVNrWV-bAH2--A9JcMltee7PfN5Nj-ZAo_l1jsS9OAg','2022-09-26 06:40:15.901210');
insert  into `django_session`(`session_key`,`session_data`,`expire_date`) values ('7690ioeqnm500i5foq34bq5wtizyfqen','.eJxVjMsOwiAUBf-FtSHcFgK4dO83kPugUjWQlHZl_Hdt0oVuz8ycl0q4rSVtPS9pFnVWMKjT70jIj1x3Inest6a51XWZSe-KPmjX1yb5eTncv4OCvXxrCxAsCCJx9tNkgpUQxImLBixbT-gZYg4wRjNG9gLivCcgZyK5OKj3BwZ-N6s:1oVQys:CEK44niJ7wDXugN3kLaCKeTIDbR8Qg0hiYO7Rd6gJx4','2022-09-20 05:18:38.380868');
insert  into `django_session`(`session_key`,`session_data`,`expire_date`) values ('7ayqjzgmuyxa53dm0i4mc5d839knwg4f','.eJxVjMsOwiAUBf-FtSHcFgK4dO83kPugUjWQlHZl_Hdt0oVuz8ycl0q4rSVtPS9pFnVWMKjT70jIj1x3Inest6a51XWZSe-KPmjX1yb5eTncv4OCvXxrCxAsCCJx9tNkgpUQxImLBixbT-gZYg4wRjNG9gLivCcgZyK5OKj3BwZ-N6s:1oVud1:sucFOhj_Xn6HtYmdiYNYv5PZr9Iq0cwtRNGKoYy63Mg','2022-09-21 12:58:03.973451');
insert  into `django_session`(`session_key`,`session_data`,`expire_date`) values ('7dxdhacfo24p955cewrs60b1xuazzxvd','.eJxVjDsOwjAQBe_iGln-xjIlPWewdr1rHECOFCdVxN1JpBTQvpl5m0iwLjWtnec0krgK7cTld0TIL24HoSe0xyTz1JZ5RHko8qRd3ifi9-10_w4q9LrXEVSwFqIJTivLmah4BewiG-tBF-9RYTagUOewazxE681Qoo7IRCQ-XwGvOFU:1oXhT5:QNPZ391OELU1Y4-VPqMoaukEf1wJXfVODhXSLnE_fK4','2022-09-26 11:19:11.763721');
insert  into `django_session`(`session_key`,`session_data`,`expire_date`) values ('7f7b1cndhaho7rwpcayn6grjdc9edpos','.eJxVjMsOwiAUBf-FtSHcFgK4dO83kPugUjWQlHZl_Hdt0oVuz8ycl0q4rSVtPS9pFnVWMKjT70jIj1x3Inest6a51XWZSe-KPmjX1yb5eTncv4OCvXxrCxAsCCJx9tNkgpUQxImLBixbT-gZYg4wRjNG9gLivCcgZyK5OKj3BwZ-N6s:1oXLuu:ToYQM5iqIq4NDby70wk3BXJYI2igU4IDKyVz31dDQhE','2022-09-25 12:18:28.652842');
insert  into `django_session`(`session_key`,`session_data`,`expire_date`) values ('7fgov7y76zbfa4nphq1dijya797w8cnm','.eJxVjMsOwiAUBf-FtSHcFgK4dO83kPugUjWQlHZl_Hdt0oVuz8ycl0q4rSVtPS9pFnVWMKjT70jIj1x3Inest6a51XWZSe-KPmjX1yb5eTncv4OCvXxrCxAsCCJx9tNkgpUQxImLBixbT-gZYg4wRjNG9gLivCcgZyK5OKj3BwZ-N6s:1oWcFa:yPDJ-DQrCCwDCH2jOmyE3BE1olxQT7msZtz8_sl6cQo','2022-09-23 11:32:46.212668');
insert  into `django_session`(`session_key`,`session_data`,`expire_date`) values ('7fijsho5sqwsax34s4f4b2o1ikrjsz2k','.eJxVjMsOwiAUBf-FtSHcFgK4dO83kPugUjWQlHZl_Hdt0oVuz8ycl0q4rSVtPS9pFnVWMKjT70jIj1x3Inest6a51XWZSe-KPmjX1yb5eTncv4OCvXxrCxAsCCJx9tNkgpUQxImLBixbT-gZYg4wRjNG9gLivCcgZyK5OKj3BwZ-N6s:1oVBQD:Nn1XIALcK5pk6n3cSWHn8r2dlyYLcrPAd-J-aou2mdw','2022-09-19 12:41:49.883986');
insert  into `django_session`(`session_key`,`session_data`,`expire_date`) values ('7io40bszq96fiz5kmkfu7osy3w0lr3k0','.eJxVjMsOwiAUBf-FtSHcFgK4dO83kPugUjWQlHZl_Hdt0oVuz8ycl0q4rSVtPS9pFnVWMKjT70jIj1x3Inest6a51XWZSe-KPmjX1yb5eTncv4OCvXxrCxAsCCJx9tNkgpUQxImLBixbT-gZYg4wRjNG9gLivCcgZyK5OKj3BwZ-N6s:1oY0R6:kjHN2LWyVpyNKpmqnmolk3uHtI1OzKh4N2O1HB8NKOc','2022-09-27 07:34:24.767771');
insert  into `django_session`(`session_key`,`session_data`,`expire_date`) values ('7jztxaon3alm9h954z74ghtwr9drd3b1','.eJxVjMsOwiAUBf-FtSHcFgK4dO83kPugUjWQlHZl_Hdt0oVuz8ycl0q4rSVtPS9pFnVWMKjT70jIj1x3Inest6a51XWZSe-KPmjX1yb5eTncv4OCvXxrCxAsCCJx9tNkgpUQxImLBixbT-gZYg4wRjNG9gLivCcgZyK5OKj3BwZ-N6s:1oVvGW:hvoNWj6PH2fI19KmkZ2XqCBpSaTSDrvu5mNQoYwweTA','2022-09-21 13:38:52.513699');
insert  into `django_session`(`session_key`,`session_data`,`expire_date`) values ('7mppz4oa6zcmgwsi0w7qov6gu21xnkzk','.eJxVjDsOwjAQBe_iGln-xjIlPWewdr1rHECOFCdVxN1JpBTQvpl5m0iwLjWtnec0krgK7cTld0TIL24HoSe0xyTz1JZ5RHko8qRd3ifi9-10_w4q9LrXEVSwFqIJTivLmah4BewiG-tBF-9RYTagUOewazxE681Qoo7IRCQ-XwGvOFU:1oXjTJ:w3WBM5mve8IK2uv6ff0ukLolp6MuQdUvb12lklT-mzk','2022-09-26 13:27:33.231588');
insert  into `django_session`(`session_key`,`session_data`,`expire_date`) values ('7x2ntmg5dmr3zlibjf1lyb8egjcvh370','.eJxVjMsOwiAUBf-FtSHcFgK4dO83kPugUjWQlHZl_Hdt0oVuz8ycl0q4rSVtPS9pFnVWMKjT70jIj1x3Inest6a51XWZSe-KPmjX1yb5eTncv4OCvXxrCxAsCCJx9tNkgpUQxImLBixbT-gZYg4wRjNG9gLivCcgZyK5OKj3BwZ-N6s:1oWD03:WRsY2ZtML9HY4wjEcNCt4LllDXWQq_NjNwAMg-MJ-uo','2022-09-22 08:35:03.420512');
insert  into `django_session`(`session_key`,`session_data`,`expire_date`) values ('7xt4uye8yurfognyw0zis4qg7iy7nibv','.eJxVjMEOwiAQBf-FsyHAQgGP3v0GAssiVQNJaU_Gf9cmPej1zcx7sRC3tYZt0BLmzM5MAjv9jinig9pO8j22W-fY27rMie8KP-jg157peTncv4MaR_3WaAinSQAhSo9QTKFiZRROK50KZKCsdNZaK-cVOY_CAVkL3ngCVIm9Pxo9OBc:1oWbCM:rELuSBnxWzGULr-tP9YhoqeTNRinhbuRz_FWGeDgXS0','2022-09-23 10:25:22.530016');
insert  into `django_session`(`session_key`,`session_data`,`expire_date`) values ('7y7mnxw41y54fivmffj9xi0ld6at0aut','.eJxVjEEOwiAQRe_C2hAYhgAu3XsGMsAgVUOT0q6Md9cmXej2v_f-S0Ta1ha3wUucijiLIE6_W6L84L6Dcqd-m2We-7pMSe6KPOiQ17nw83K4fweNRvvWzleNoAlNDa6ywQzKEAJWxRqd86yszglSChUyOEBLJXuDxlROYMX7A801N2o:1oV6Gf:7t_uGAxU8_DM91mM2DAfm2WsF0JEnOAgGzSF0SmSzXo','2022-09-19 07:11:37.877281');
insert  into `django_session`(`session_key`,`session_data`,`expire_date`) values ('7z4597jomut10968f7z36s1oruv2y3i1','.eJxVjMsOwiAUBf-FtSHcFgK4dO83kPugUjWQlHZl_Hdt0oVuz8ycl0q4rSVtPS9pFnVWMKjT70jIj1x3Inest6a51XWZSe-KPmjX1yb5eTncv4OCvXxrCxAsCCJx9tNkgpUQxImLBixbT-gZYg4wRjNG9gLivCcgZyK5OKj3BwZ-N6s:1oVvrP:XcDpQXM29x5AqeyL5vm52FpvtZ07uP0nDcGyCjyPRno','2022-09-21 14:16:59.341562');
insert  into `django_session`(`session_key`,`session_data`,`expire_date`) values ('7zjq6da2kn8fqegkbw4y98afammsoqbc','.eJxVjMsOwiAUBf-FtSHcFgK4dO83kPugUjWQlHZl_Hdt0oVuz8ycl0q4rSVtPS9pFnVWMKjT70jIj1x3Inest6a51XWZSe-KPmjX1yb5eTncv4OCvXxrCxAsCCJx9tNkgpUQxImLBixbT-gZYg4wRjNG9gLivCcgZyK5OKj3BwZ-N6s:1oVo03:PxgZnaFdlLGiT_nczhr5FpaYckn5HtGhCOKcWrGsEMc','2022-09-21 05:53:23.939345');
insert  into `django_session`(`session_key`,`session_data`,`expire_date`) values ('80kbxj24pvowan0ci9z2nnteuj94gour','.eJxVjMsOwiAUBf-FtSHcFgK4dO83kPugUjWQlHZl_Hdt0oVuz8ycl0q4rSVtPS9pFnVWMKjT70jIj1x3Inest6a51XWZSe-KPmjX1yb5eTncv4OCvXxrCxAsCCJx9tNkgpUQxImLBixbT-gZYg4wRjNG9gLivCcgZyK5OKj3BwZ-N6s:1oY82Y:7NxMBxivW8LQbrJxwQJ0CurMg9jTgBDR5bVRM6tXyV0','2022-09-27 15:41:34.940213');
insert  into `django_session`(`session_key`,`session_data`,`expire_date`) values ('8406e4ru6vn3hn8ukmg4kjviajhzayv5','.eJxVjMsOwiAUBf-FtSHcFgK4dO83kPugUjWQlHZl_Hdt0oVuz8ycl0q4rSVtPS9pFnVWMKjT70jIj1x3Inest6a51XWZSe-KPmjX1yb5eTncv4OCvXxrCxAsCCJx9tNkgpUQxImLBixbT-gZYg4wRjNG9gLivCcgZyK5OKj3BwZ-N6s:1oWZky:v1MUiy-HhKcLi1bC3bEv0Bxrrn8CzwD4OHk8lbUnucQ','2022-09-23 08:53:00.721353');
insert  into `django_session`(`session_key`,`session_data`,`expire_date`) values ('846nah5wh7isvzp33ar4wh71wy9uk8ko','.eJxVjDsOwjAQBe_iGln-xjIlPWewdr1rHECOFCdVxN1JpBTQvpl5m0iwLjWtnec0krgK7cTld0TIL24HoSe0xyTz1JZ5RHko8qRd3ifi9-10_w4q9LrXEVSwFqIJTivLmah4BewiG-tBF-9RYTagUOewazxE681Qoo7IRCQ-XwGvOFU:1oXHGJ:D_gIJBUDyougcSRkAI3VsQPye7G6Jw9O0JfAJfelNIc','2022-09-25 07:20:15.963979');
insert  into `django_session`(`session_key`,`session_data`,`expire_date`) values ('8887uachdeokxsmm6zogrngr1yzoq4z6','.eJxVjMsOwiAUBf-FtSHcFgK4dO83kPugUjWQlHZl_Hdt0oVuz8ycl0q4rSVtPS9pFnVWMKjT70jIj1x3Inest6a51XWZSe-KPmjX1yb5eTncv4OCvXxrCxAsCCJx9tNkgpUQxImLBixbT-gZYg4wRjNG9gLivCcgZyK5OKj3BwZ-N6s:1oWCMQ:O4sW1m7kwvgkp3KWVz6-4zSGuNgdOUKzMyjRYaVuN8Q','2022-09-22 07:54:06.867687');
insert  into `django_session`(`session_key`,`session_data`,`expire_date`) values ('8calb3nrgweauwqxmqrjl4zdhsf39yvq','.eJxVjMsOwiAUBf-FtSHcFgK4dO83kPugUjWQlHZl_Hdt0oVuz8ycl0q4rSVtPS9pFnVWMKjT70jIj1x3Inest6a51XWZSe-KPmjX1yb5eTncv4OCvXxrCxAsCCJx9tNkgpUQxImLBixbT-gZYg4wRjNG9gLivCcgZyK5OKj3BwZ-N6s:1oVcOV:9WlY2b8XFG6iGahcr0ccDjFXsb5waqR0MnpMMCpkHBI','2022-09-20 17:29:51.029815');
insert  into `django_session`(`session_key`,`session_data`,`expire_date`) values ('8er5rt7j7vrx55unpx7s38060y96m7ot','.eJxVjMsOwiAUBf-FtSHcFgK4dO83kPugUjWQlHZl_Hdt0oVuz8ycl0q4rSVtPS9pFnVWMKjT70jIj1x3Inest6a51XWZSe-KPmjX1yb5eTncv4OCvXxrCxAsCCJx9tNkgpUQxImLBixbT-gZYg4wRjNG9gLivCcgZyK5OKj3BwZ-N6s:1oVwZw:rQJ3X0O3a42iEsdbHVkt7_EnBlcyimNMiY3WXUrK2uU','2022-09-21 15:03:00.266754');
insert  into `django_session`(`session_key`,`session_data`,`expire_date`) values ('8iujjf3dxoukr1hvh1h3wyv3nwkhvldk','.eJxVjMsOwiAUBf-FtSHcFgK4dO83kPugUjWQlHZl_Hdt0oVuz8ycl0q4rSVtPS9pFnVWMKjT70jIj1x3Inest6a51XWZSe-KPmjX1yb5eTncv4OCvXxrCxAsCCJx9tNkgpUQxImLBixbT-gZYg4wRjNG9gLivCcgZyK5OKj3BwZ-N6s:1oVvzK:ITSZXbH-sd9KKomGLpIpvmILRHF_Leow4qldcNu4at0','2022-09-21 14:25:10.257572');
insert  into `django_session`(`session_key`,`session_data`,`expire_date`) values ('8rn806emwdmhumm10dehkgipz02c2h5n','.eJxVjMsOwiAUBf-FtSHcFgK4dO83kPugUjWQlHZl_Hdt0oVuz8ycl0q4rSVtPS9pFnVWMKjT70jIj1x3Inest6a51XWZSe-KPmjX1yb5eTncv4OCvXxrCxAsCCJx9tNkgpUQxImLBixbT-gZYg4wRjNG9gLivCcgZyK5OKj3BwZ-N6s:1oVCUl:S9hG-YZ7vS8jq61oWYX0BXqpl9DdxfL45P35-e3B8gw','2022-09-19 13:50:35.529878');
insert  into `django_session`(`session_key`,`session_data`,`expire_date`) values ('8tdisanm80qf5wiqpwfbjdu6it0nocbp','.eJxVjMsOwiAUBf-FtSHcFgK4dO83kPugUjWQlHZl_Hdt0oVuz8ycl0q4rSVtPS9pFnVWMKjT70jIj1x3Inest6a51XWZSe-KPmjX1yb5eTncv4OCvXxrCxAsCCJx9tNkgpUQxImLBixbT-gZYg4wRjNG9gLivCcgZyK5OKj3BwZ-N6s:1oVcLa:CbougLCAvhV7NnBGDu9JHhVU5R9EsyKCwbT2Zsb7yHM','2022-09-20 17:26:50.017558');
insert  into `django_session`(`session_key`,`session_data`,`expire_date`) values ('8uzslyjynbn6g8285sg0qzef7y6qybnj','.eJxVjMsOwiAUBf-FtSHcFgK4dO83kPugUjWQlHZl_Hdt0oVuz8ycl0q4rSVtPS9pFnVWMKjT70jIj1x3Inest6a51XWZSe-KPmjX1yb5eTncv4OCvXxrCxAsCCJx9tNkgpUQxImLBixbT-gZYg4wRjNG9gLivCcgZyK5OKj3BwZ-N6s:1oVRyw:tWlGvYgWB1PsNdkB__UmAqVePcJIkEZdn8h_ydK6Lkk','2022-09-20 06:22:46.663128');
insert  into `django_session`(`session_key`,`session_data`,`expire_date`) values ('8vlceskop1yutz47egr2dvs55dxxctge','.eJxVjMsOwiAUBf-FtSHcFgK4dO83kPugUjWQlHZl_Hdt0oVuz8ycl0q4rSVtPS9pFnVWMKjT70jIj1x3Inest6a51XWZSe-KPmjX1yb5eTncv4OCvXxrCxAsCCJx9tNkgpUQxImLBixbT-gZYg4wRjNG9gLivCcgZyK5OKj3BwZ-N6s:1oVcGY:StNC6DFm--QnPKM0KN2TSlqhB5SgVt5a96nO3HIhQwY','2022-09-20 17:21:38.373397');
insert  into `django_session`(`session_key`,`session_data`,`expire_date`) values ('8zbvgih444e91l4trptdyy1gimoy11gs','.eJxVjMsOwiAUBf-FtSHcFgK4dO83kPugUjWQlHZl_Hdt0oVuz8ycl0q4rSVtPS9pFnVWMKjT70jIj1x3Inest6a51XWZSe-KPmjX1yb5eTncv4OCvXxrCxAsCCJx9tNkgpUQxImLBixbT-gZYg4wRjNG9gLivCcgZyK5OKj3BwZ-N6s:1oVSxw:ejrn_9gBxBG5mMpM0Em6FmYbCQJV3SjFgCm0dqVflv4','2022-09-20 07:25:48.147053');
insert  into `django_session`(`session_key`,`session_data`,`expire_date`) values ('8zummm0gvcwi6ut0xq6pi42a4az4iy7x','.eJxVjMEOwiAQBf-FsyHAQgGP3v0GAssiVQNJaU_Gf9cmPej1zcx7sRC3tYZt0BLmzM5MAjv9jinig9pO8j22W-fY27rMie8KP-jg157peTncv4MaR_3WaAinSQAhSo9QTKFiZRROK50KZKCsdNZaK-cVOY_CAVkL3ngCVIm9Pxo9OBc:1oYmOz:XwDgD9odXKtj5ixZ_5BbK1d35ewH31q0swwJJ4T8vn0','2022-09-29 10:47:25.190637');
insert  into `django_session`(`session_key`,`session_data`,`expire_date`) values ('90c40f0royjj7lo7izncvdippyy5vw5i','.eJxVjDsOwjAQBe_iGln-xjIlPWewdr1rHECOFCdVxN1JpBTQvpl5m0iwLjWtnec0krgK7cTld0TIL24HoSe0xyTz1JZ5RHko8qRd3ifi9-10_w4q9LrXEVSwFqIJTivLmah4BewiG-tBF-9RYTagUOewazxE681Qoo7IRCQ-XwGvOFU:1oXjR1:CDfDS-5pdLcFtKkfYE6CKycUAj2z9Qt-c9Vwo73fYiE','2022-09-26 13:25:11.130669');
insert  into `django_session`(`session_key`,`session_data`,`expire_date`) values ('91l676izezptmxzyd5xp7gjxym3nuisw','.eJxVjEEOgjAQRe_StWloK8PA0r1naKbTQapSDC0r490NCQvd_vf-eytPW538VmT1KapBWXX63QLxQ_IO4p3ybdG85LqmoHdFH7To6xLleTncv8BEZdrfiGxZDDVoo0RnemACy9C1ZJjNSCEgAraucZGaQAKtNKPt-n6kiLxHi5SSluxTTtXXNEupNL-8GgyAsbZHbDUAOnf-fAFgIEbr:1oQLmP:wFnlCGszWfBA3AHIEIZtJjNH21gJlK98tsti3g1xT_4','2022-09-06 04:44:45.680307');
insert  into `django_session`(`session_key`,`session_data`,`expire_date`) values ('920se5j4zotmy4l3sg3m65mb91w5z4eq','.eJxVjEsOAiEQBe_C2hAQ6AaX7ucMhIbGGTWQzGdlvLtOMgvdvqp6LxHTto5xW3iOUxEX4cTpd6OUH9x2UO6p3brMva3zRHJX5EEXOfTCz-vh_h2MaRm_dSBQwJjd2WElNkFhVZ5Yk1dg0ADVErQrqIFCZVQmEBXnmRCsBSveH9wJN5Q:1oSwie:Vq-zRgJQ5dPJyGd1vk1i-mHAxDU2_CvBT1H3X-pu-Uw','2022-09-13 08:35:36.945957');
insert  into `django_session`(`session_key`,`session_data`,`expire_date`) values ('94o93z2io8zxoml6wzo7c681moypo4zl','.eJxVjMEOwiAQBf-FsyHAQgGP3v0GAssiVQNJaU_Gf9cmPej1zcx7sRC3tYZt0BLmzM5MAjv9jinig9pO8j22W-fY27rMie8KP-jg157peTncv4MaR_3WaAinSQAhSo9QTKFiZRROK50KZKCsdNZaK-cVOY_CAVkL3ngCVIm9Pxo9OBc:1oXeHy:WrjKDxJyI4aN_-MOWdZzNhNdG9KWqzbZPoyZbFyy97o','2022-09-26 07:55:30.250740');
insert  into `django_session`(`session_key`,`session_data`,`expire_date`) values ('99sm9grce2awybv6zohzd4wwyb8a90te','.eJxVjMsOwiAUBf-FtSHcFgK4dO83kPugUjWQlHZl_Hdt0oVuz8ycl0q4rSVtPS9pFnVWMKjT70jIj1x3Inest6a51XWZSe-KPmjX1yb5eTncv4OCvXxrCxAsCCJx9tNkgpUQxImLBixbT-gZYg4wRjNG9gLivCcgZyK5OKj3BwZ-N6s:1oXyjY:Bgae6jx2Qi386HqByb0Px7SS-jUVtBvVVM20PwEJnkU','2022-09-27 05:45:20.998880');
insert  into `django_session`(`session_key`,`session_data`,`expire_date`) values ('99w2zwt5oezdub1zxrzcofqoqnxzotvu','.eJxVjDsOwjAQBe_iGln-xjIlPWewdr1rHECOFCdVxN1JpBTQvpl5m0iwLjWtnec0krgK7cTld0TIL24HoSe0xyTz1JZ5RHko8qRd3ifi9-10_w4q9LrXEVSwFqIJTivLmah4BewiG-tBF-9RYTagUOewazxE681Qoo7IRCQ-XwGvOFU:1oYiKS:UJrWzyHd0Tu4-2U-JKUYF2dDwMk7e21YIxSCv0SONZs','2022-09-29 06:26:28.473543');
insert  into `django_session`(`session_key`,`session_data`,`expire_date`) values ('9a9xnnr6bhvl8dv3mr6jrvyb4wsfstyw','.eJxVjMEOwiAQBf-FsyHAQgGP3v0GAssiVQNJaU_Gf9cmPej1zcx7sRC3tYZt0BLmzM5MAjv9jinig9pO8j22W-fY27rMie8KP-jg157peTncv4MaR_3WaAinSQAhSo9QTKFiZRROK50KZKCsdNZaK-cVOY_CAVkL3ngCVIm9Pxo9OBc:1oXdc8:lEfMkobSuSfXezRlSpoXsEvI1ZSq4zDpszoEP4BAYB0','2022-09-26 07:12:16.354442');
insert  into `django_session`(`session_key`,`session_data`,`expire_date`) values ('9behtjz363bwfa0ytv4w8dl14u24hdxy','.eJxVjEEOwiAQRe_C2pDK0AFcuu8ZyMBMpWpoUtqV8e7apAvd_vfef6lI21ri1mSJE6uLQnX63RLlh9Qd8J3qbdZ5rusyJb0r-qBNDzPL83q4fweFWvnWgqELYCylc86QrOlGY30PySAwgEGC0ToKgsSZQdj5JCLescHe2azeH9lpOAg:1oSe4O:JMcETO0h1zde6j_CJxnOHjx6NJhIas2_Y5wgNNdSCoA','2022-09-12 12:40:48.497883');
insert  into `django_session`(`session_key`,`session_data`,`expire_date`) values ('9bkofwn8pl8sohc6180pwd90ro8mtyhh','.eJxVjDsOwjAQBe_iGln-xjIlPWewdr1rHECOFCdVxN1JpBTQvpl5m0iwLjWtnec0krgK7cTld0TIL24HoSe0xyTz1JZ5RHko8qRd3ifi9-10_w4q9LrXEVSwFqIJTivLmah4BewiG-tBF-9RYTagUOewazxE681Qoo7IRCQ-XwGvOFU:1oY3r0:ZG73mEUuyEthKZeXmpb2koQtq48KyiAs4dAtIOmRIXg','2022-09-27 11:13:22.712241');
insert  into `django_session`(`session_key`,`session_data`,`expire_date`) values ('9eczouru6izwrc2kzzl68hx0fhmt9742','.eJxVjMEOwiAQBf-FsyHAQgGP3v0GAssiVQNJaU_Gf9cmPej1zcx7sRC3tYZt0BLmzM5MAjv9jinig9pO8j22W-fY27rMie8KP-jg157peTncv4MaR_3WaAinSQAhSo9QTKFiZRROK50KZKCsdNZaK-cVOY_CAVkL3ngCVIm9Pxo9OBc:1oWb9a:KkAttVjIGTQeZbS_RpEdQJ8E9FfDVTtPptFEd5V9BnM','2022-09-23 10:22:30.374474');
insert  into `django_session`(`session_key`,`session_data`,`expire_date`) values ('9i1pslbxibgkdlpbr2ns8f69x0sr4wwf','.eJxVjMsOwiAUBf-FtSHcFgK4dO83kPugUjWQlHZl_Hdt0oVuz8ycl0q4rSVtPS9pFnVWMKjT70jIj1x3Inest6a51XWZSe-KPmjX1yb5eTncv4OCvXxrCxAsCCJx9tNkgpUQxImLBixbT-gZYg4wRjNG9gLivCcgZyK5OKj3BwZ-N6s:1oWYSi:ZzyVtZRa_zq8N8JDyjkkPT_R9Z5iF1_DzwVUglJObU4','2022-09-23 07:30:04.212774');
insert  into `django_session`(`session_key`,`session_data`,`expire_date`) values ('9jmdzelhcn32s91gq1hiicvylsq1zu93','.eJxVjMsOwiAUBf-FtSHcFgK4dO83kPugUjWQlHZl_Hdt0oVuz8ycl0q4rSVtPS9pFnVWMKjT70jIj1x3Inest6a51XWZSe-KPmjX1yb5eTncv4OCvXxrCxAsCCJx9tNkgpUQxImLBixbT-gZYg4wRjNG9gLivCcgZyK5OKj3BwZ-N6s:1oVskb:aJjfH68iHWRwNihrL2_IMwPeldz930S9HXw5dzvke8c','2022-09-21 10:57:45.129350');
insert  into `django_session`(`session_key`,`session_data`,`expire_date`) values ('9llo5su2zihozq4d4nwws6fle90paxty','.eJxVjMEOwiAQBf-FsyHAQgGP3v0GAssiVQNJaU_Gf9cmPej1zcx7sRC3tYZt0BLmzM5MAjv9jinig9pO8j22W-fY27rMie8KP-jg157peTncv4MaR_3WaAinSQAhSo9QTKFiZRROK50KZKCsdNZaK-cVOY_CAVkL3ngCVIm9Pxo9OBc:1oYmPb:Gan548PKOh5RgSgwPNtPzTzjMinjyBHKHqFzgXUeM6E','2022-09-29 10:48:03.559866');
insert  into `django_session`(`session_key`,`session_data`,`expire_date`) values ('9nj66yeztha8ny8mel9zp76t8tkkpow5','.eJxVjMsOwiAUBf-FtSHcFgK4dO83kPugUjWQlHZl_Hdt0oVuz8ycl0q4rSVtPS9pFnVWMKjT70jIj1x3Inest6a51XWZSe-KPmjX1yb5eTncv4OCvXxrCxAsCCJx9tNkgpUQxImLBixbT-gZYg4wRjNG9gLivCcgZyK5OKj3BwZ-N6s:1oWCgb:v57ZMt2NU64c2V23c3dgFb8Pkm12mUt94E6_S2Lsx3o','2022-09-22 08:14:57.319297');
insert  into `django_session`(`session_key`,`session_data`,`expire_date`) values ('9prg8imq1aqdrninowh732zrk5gj2j1l','.eJxVjMsOwiAUBf-FtSHcFgK4dO83kPugUjWQlHZl_Hdt0oVuz8ycl0q4rSVtPS9pFnVWMKjT70jIj1x3Inest6a51XWZSe-KPmjX1yb5eTncv4OCvXxrCxAsCCJx9tNkgpUQxImLBixbT-gZYg4wRjNG9gLivCcgZyK5OKj3BwZ-N6s:1oVv0a:kJU1HuNKv5v8MhVt_7mRNQuVewcI7Sr0Iq4bvrFDJzU','2022-09-21 13:22:24.943584');
insert  into `django_session`(`session_key`,`session_data`,`expire_date`) values ('9rjy6co7ca0jw57kublv4es3tjy7tpi0','.eJxVjMsOwiAUBf-FtSHcFgK4dO83kPugUjWQlHZl_Hdt0oVuz8ycl0q4rSVtPS9pFnVWMKjT70jIj1x3Inest6a51XWZSe-KPmjX1yb5eTncv4OCvXxrCxAsCCJx9tNkgpUQxImLBixbT-gZYg4wRjNG9gLivCcgZyK5OKj3BwZ-N6s:1oVmzI:9R4uvnb3oT8kxARHBg48H7GC4Nlv0rG0Tn6F5NAJSRs','2022-09-21 04:48:32.662541');
insert  into `django_session`(`session_key`,`session_data`,`expire_date`) values ('9scdhmg5vombshc3b7amg3v3ma7s2v7j','.eJxVjMEOwiAQBf-FsyHAQgGP3v0GAssiVQNJaU_Gf9cmPej1zcx7sRC3tYZt0BLmzM5MAjv9jinig9pO8j22W-fY27rMie8KP-jg157peTncv4MaR_3WaAinSQAhSo9QTKFiZRROK50KZKCsdNZaK-cVOY_CAVkL3ngCVIm9Pxo9OBc:1oY6Cp:lbXxnMe3raPXrhMqWOshT4ZQ4t3XWPiuzypda0X02b8','2022-09-27 13:44:03.385937');
insert  into `django_session`(`session_key`,`session_data`,`expire_date`) values ('9x9saxxqlyyz6s3ziqyavvokigwueo1o','.eJxVjDsOwjAQBe_iGln-xjIlPWewdr1rHECOFCdVxN1JpBTQvpl5m0iwLjWtnec0krgK7cTld0TIL24HoSe0xyTz1JZ5RHko8qRd3ifi9-10_w4q9LrXEVSwFqIJTivLmah4BewiG-tBF-9RYTagUOewazxE681Qoo7IRCQ-XwGvOFU:1oXj0w:au9bqrz5wNx2kNtiWf4goAfIAx4_KWnYxHiTV1l6d_s','2022-09-26 12:58:14.049096');
insert  into `django_session`(`session_key`,`session_data`,`expire_date`) values ('a0g7tsis0fphx6ljum8ondm31273sexa','.eJxVjMsOwiAUBf-FtSHcFgK4dO83kPugUjWQlHZl_Hdt0oVuz8ycl0q4rSVtPS9pFnVWMKjT70jIj1x3Inest6a51XWZSe-KPmjX1yb5eTncv4OCvXxrCxAsCCJx9tNkgpUQxImLBixbT-gZYg4wRjNG9gLivCcgZyK5OKj3BwZ-N6s:1oWZeN:P3vZG01GN6QqrK2u50hS2Z28LKT7_OOYq_1ArGaRum0','2022-09-23 08:46:11.741472');
insert  into `django_session`(`session_key`,`session_data`,`expire_date`) values ('a0sm8x0965fkp474ceu8lxtchnljmjd3','.eJxVjDsOwjAQBe_iGln-xjIlPWewdr1rHECOFCdVxN1JpBTQvpl5m0iwLjWtnec0krgK7cTld0TIL24HoSe0xyTz1JZ5RHko8qRd3ifi9-10_w4q9LrXEVSwFqIJTivLmah4BewiG-tBF-9RYTagUOewazxE681Qoo7IRCQ-XwGvOFU:1oXirP:s07AvuIfLmrdhTLrJGc_GxWDvkU2BngGTVxdAXsdWaw','2022-09-26 12:48:23.136284');
insert  into `django_session`(`session_key`,`session_data`,`expire_date`) values ('a70zrccxsqrhq9x9cx8jb8fy3np8gdl6','.eJxVjDsOwjAQBe_iGln-xjIlPWewdr1rHECOFCdVxN1JpBTQvpl5m0iwLjWtnec0krgK7cTld0TIL24HoSe0xyTz1JZ5RHko8qRd3ifi9-10_w4q9LrXEVSwFqIJTivLmah4BewiG-tBF-9RYTagUOewazxE681Qoo7IRCQ-XwGvOFU:1oXixB:WkzYbUivVc0K4AXK1mndFwZQdlgkp26s0Zry0vP1tPg','2022-09-26 12:54:21.944858');
insert  into `django_session`(`session_key`,`session_data`,`expire_date`) values ('a9sakjxysfw40jqmxvjq0ffp21ukf3c9','.eJxVjMsOwiAUBf-FtSHcFgK4dO83kPugUjWQlHZl_Hdt0oVuz8ycl0q4rSVtPS9pFnVWMKjT70jIj1x3Inest6a51XWZSe-KPmjX1yb5eTncv4OCvXxrCxAsCCJx9tNkgpUQxImLBixbT-gZYg4wRjNG9gLivCcgZyK5OKj3BwZ-N6s:1oVsiv:vJYVIgm1Ltetn1q1zNzpCD5YBTA5agZaVfXl6iaL9pk','2022-09-21 10:56:01.136992');
insert  into `django_session`(`session_key`,`session_data`,`expire_date`) values ('abd9uqtw57mx7d7fugynv37hno33cm9b','.eJxVjEsOAiEQBe_C2hAQ6AaX7ucMhIbGGTWQzGdlvLtOMgvdvqp6LxHTto5xW3iOUxEX4cTpd6OUH9x2UO6p3brMva3zRHJX5EEXOfTCz-vh_h2MaRm_dSBQwJjd2WElNkFhVZ5Yk1dg0ADVErQrqIFCZVQmEBXnmRCsBSveH9wJN5Q:1oTJdp:m558WV3m9me21-IoeooO_NFLFw5AVd9mCpmMqiXyT3Q','2022-09-14 09:04:09.197792');
insert  into `django_session`(`session_key`,`session_data`,`expire_date`) values ('adeyymzap8piiaq4ekvmvfl5qjs4urfy','.eJxVjMsOwiAUBf-FtSHcFgK4dO83kPugUjWQlHZl_Hdt0oVuz8ycl0q4rSVtPS9pFnVWMKjT70jIj1x3Inest6a51XWZSe-KPmjX1yb5eTncv4OCvXxrCxAsCCJx9tNkgpUQxImLBixbT-gZYg4wRjNG9gLivCcgZyK5OKj3BwZ-N6s:1oWIUm:q5a37tslQnBhbcEGkNPH9Q7c3q_Ch0ceyfNTSyR5TV8','2022-09-22 14:27:08.937716');
insert  into `django_session`(`session_key`,`session_data`,`expire_date`) values ('afmzlrg20wx6wf296fbruqnaqv1ic1ol','.eJxVjEsOAiEQBe_C2hAQ6AaX7ucMhIbGGTWQzGdlvLtOMgvdvqp6LxHTto5xW3iOUxEX4cTpd6OUH9x2UO6p3brMva3zRHJX5EEXOfTCz-vh_h2MaRm_dSBQwJjd2WElNkFhVZ5Yk1dg0ADVErQrqIFCZVQmEBXnmRCsBSveH9wJN5Q:1oTGYD:vIXRIUKNguxdCGwlT8c0FwQBwE3O3WDmduuIu0ut2cw','2022-09-14 05:46:09.961439');
insert  into `django_session`(`session_key`,`session_data`,`expire_date`) values ('ajyazn4g5uwg1039ku4ls0lwywvuh8gd','.eJxVjMsOwiAUBf-FtSHcFgK4dO83kPugUjWQlHZl_Hdt0oVuz8ycl0q4rSVtPS9pFnVWMKjT70jIj1x3Inest6a51XWZSe-KPmjX1yb5eTncv4OCvXxrCxAsCCJx9tNkgpUQxImLBixbT-gZYg4wRjNG9gLivCcgZyK5OKj3BwZ-N6s:1oV7h8:Ga_2wFFxEgxz_AgFEhWf3jREd-cm5e8dmHGUagTP-NA','2022-09-19 08:43:02.990859');
insert  into `django_session`(`session_key`,`session_data`,`expire_date`) values ('am9m3xmr7kcl5471b8og5kjl89kbb9a3','.eJxVjMsOwiAUBf-FtSHcFgK4dO83kPugUjWQlHZl_Hdt0oVuz8ycl0q4rSVtPS9pFnVWMKjT70jIj1x3Inest6a51XWZSe-KPmjX1yb5eTncv4OCvXxrCxAsCCJx9tNkgpUQxImLBixbT-gZYg4wRjNG9gLivCcgZyK5OKj3BwZ-N6s:1oVUl6:FVUKIguw1KD_CmAKC6LlISIPRX3XlDoU5iN05aLPePA','2022-09-20 09:20:40.879597');
insert  into `django_session`(`session_key`,`session_data`,`expire_date`) values ('aqyr90zyhj91lzgcdif2eecoykt0nu1g','.eJxVjMEOwiAQBf-FsyHAQgGP3v0GAssiVQNJaU_Gf9cmPej1zcx7sRC3tYZt0BLmzM5MAjv9jinig9pO8j22W-fY27rMie8KP-jg157peTncv4MaR_3WaAinSQAhSo9QTKFiZRROK50KZKCsdNZaK-cVOY_CAVkL3ngCVIm9Pxo9OBc:1oYmQP:sQJ1D-hBfU-NK86wyKzkQECqS6WtUwpNkC9YnTmdSA4','2022-09-29 10:48:53.039615');
insert  into `django_session`(`session_key`,`session_data`,`expire_date`) values ('b09u50alqk37zxrmag9ydqi4omrh5fc8','.eJxVjEEOwiAQRe_C2hCggQ4u3XsGMswMUjVtUtpV490NSRe6_e-9f6iE-1bT3mRNE6urcuryu2Wkl8wd8BPnx6Jpmbd1yror-qRN3xeW9-10_w4qttprAHIkFg04Fh5sDITBURg9WiJbMGeAAH4wA6PJKMGLKW6MsSADqc8X_l04vQ:1oV6FX:72V2K_El2jzqsp6gquCp1dUdAweiJ-Yp536Pk2NekyU','2022-09-19 07:10:27.587000');
insert  into `django_session`(`session_key`,`session_data`,`expire_date`) values ('b5dqjni17i24pk04ujc4aj8w8aj4mfcg','.eJxVjEEOwiAQRe_C2hCggQ4u3XsGMswMUjVtUtpV490NSRe6_e-9f6iE-1bT3mRNE6urcuryu2Wkl8wd8BPnx6Jpmbd1yror-qRN3xeW9-10_w4qttprAHIkFg04Fh5sDITBURg9WiJbMGeAAH4wA6PJKMGLKW6MsSADqc8X_l04vQ:1oMeRy:RisNotRIXZw_6qle00pwAlCI4FvEJP8Lo11MGW74UaI','2022-08-26 23:52:22.361239');
insert  into `django_session`(`session_key`,`session_data`,`expire_date`) values ('b5rcwiqxz235ab1v5db536xo8e01a0ic','.eJxVjDsOwjAQBe_iGln-xjIlPWewdr1rHECOFCdVxN1JpBTQvpl5m0iwLjWtnec0krgK7cTld0TIL24HoSe0xyTz1JZ5RHko8qRd3ifi9-10_w4q9LrXEVSwFqIJTivLmah4BewiG-tBF-9RYTagUOewazxE681Qoo7IRCQ-XwGvOFU:1oXhRq:2NGfoOZJxE_k6gBkfT39d9IuARAZI1O6k88pL3eAX3U','2022-09-26 11:17:54.321804');
insert  into `django_session`(`session_key`,`session_data`,`expire_date`) values ('b6mf0ybfhe8tdi7euggx375d6fdvwfpd','.eJxVjMsOwiAUBf-FtSHcFgK4dO83kPugUjWQlHZl_Hdt0oVuz8ycl0q4rSVtPS9pFnVWMKjT70jIj1x3Inest6a51XWZSe-KPmjX1yb5eTncv4OCvXxrCxAsCCJx9tNkgpUQxImLBixbT-gZYg4wRjNG9gLivCcgZyK5OKj3BwZ-N6s:1oXyfj:i_xSqEwGTowl0aeDGCKujozdCiDran-l0YAQcGJ79Qo','2022-09-27 05:41:23.301446');
insert  into `django_session`(`session_key`,`session_data`,`expire_date`) values ('b7gi3oveqpyhc9dzu2idwo1ny336y35b','.eJxVjMEOwiAQBf-FsyHAQgGP3v0GAssiVQNJaU_Gf9cmPej1zcx7sRC3tYZt0BLmzM5MAjv9jinig9pO8j22W-fY27rMie8KP-jg157peTncv4MaR_3WaAinSQAhSo9QTKFiZRROK50KZKCsdNZaK-cVOY_CAVkL3ngCVIm9Pxo9OBc:1oW9jT:HbG1Zz0UV_pCqbTYPi1YOT5Ad9j53isX9FBBJ2M63Xc','2022-09-22 05:05:43.328961');
insert  into `django_session`(`session_key`,`session_data`,`expire_date`) values ('barmjsqx7p1z2owj6d4tn1r5by3w36w4','.eJxVjDsOwjAQBe_iGln-xjIlPWewdr1rHECOFCdVxN1JpBTQvpl5m0iwLjWtnec0krgK7cTld0TIL24HoSe0xyTz1JZ5RHko8qRd3ifi9-10_w4q9LrXEVSwFqIJTivLmah4BewiG-tBF-9RYTagUOewazxE681Qoo7IRCQ-XwGvOFU:1oYiPG:qjjal-5fyVgfpcurIIPEZ8IZ40se3Cnb0DMj0s5ORSM','2022-09-29 06:31:26.641720');
insert  into `django_session`(`session_key`,`session_data`,`expire_date`) values ('bdvuqf71e5hp5lmccwn24jwk7fqt370a','.eJxVjMsOwiAUBf-FtSHcFgK4dO83kPugUjWQlHZl_Hdt0oVuz8ycl0q4rSVtPS9pFnVWMKjT70jIj1x3Inest6a51XWZSe-KPmjX1yb5eTncv4OCvXxrCxAsCCJx9tNkgpUQxImLBixbT-gZYg4wRjNG9gLivCcgZyK5OKj3BwZ-N6s:1oVvkp:ZqRIabk8qZLG9WE_jNpQu3ptFYOLV7XttEVQ8xhbVXc','2022-09-21 14:10:11.439516');
insert  into `django_session`(`session_key`,`session_data`,`expire_date`) values ('be0o86jndj1venxzqini6cndta943hj6','.eJxVjMEOwiAQBf-FsyHAQgGP3v0GAssiVQNJaU_Gf9cmPej1zcx7sRC3tYZt0BLmzM5MAjv9jinig9pO8j22W-fY27rMie8KP-jg157peTncv4MaR_3WaAinSQAhSo9QTKFiZRROK50KZKCsdNZaK-cVOY_CAVkL3ngCVIm9Pxo9OBc:1oVq2I:ACGW9p3sY4IpeMn5qsTusg0xcFfdS58axMu4Fab09Vc','2022-09-21 08:03:50.376690');
insert  into `django_session`(`session_key`,`session_data`,`expire_date`) values ('beheilk2l1oh0nhj3338760p950ehmkl','.eJxVjMEOwiAQBf-FsyHAQgGP3v0GAssiVQNJaU_Gf9cmPej1zcx7sRC3tYZt0BLmzM5MAjv9jinig9pO8j22W-fY27rMie8KP-jg157peTncv4MaR_3WaAinSQAhSo9QTKFiZRROK50KZKCsdNZaK-cVOY_CAVkL3ngCVIm9Pxo9OBc:1oWIlB:_nNkXJJ3nBDBVh6NMGZRLquggAJeQY2kU8O3-0R57ls','2022-09-22 14:44:05.654578');
insert  into `django_session`(`session_key`,`session_data`,`expire_date`) values ('bjxq8lrqv3zs9kf7rfjw5esg622gocv7','.eJxVjMsOwiAUBf-FtSHcFgK4dO83kPugUjWQlHZl_Hdt0oVuz8ycl0q4rSVtPS9pFnVWMKjT70jIj1x3Inest6a51XWZSe-KPmjX1yb5eTncv4OCvXxrCxAsCCJx9tNkgpUQxImLBixbT-gZYg4wRjNG9gLivCcgZyK5OKj3BwZ-N6s:1oVbYv:DneQI1cFyxkgkcivr-SDD2XOA551PhB3sz7xETbiEdc','2022-09-20 16:36:33.633881');
insert  into `django_session`(`session_key`,`session_data`,`expire_date`) values ('bozp2s0zz1bj5dbric74vxb1eq09o2z2','.eJxVjMsOwiAUBf-FtSHcFgK4dO83kPugUjWQlHZl_Hdt0oVuz8ycl0q4rSVtPS9pFnVWMKjT70jIj1x3Inest6a51XWZSe-KPmjX1yb5eTncv4OCvXxrCxAsCCJx9tNkgpUQxImLBixbT-gZYg4wRjNG9gLivCcgZyK5OKj3BwZ-N6s:1oVC42:QJ00ZYRb1heEWVnxl8ZOo4xKmF2Qk9L7Co9ysAiPu6A','2022-09-19 13:22:58.945495');
insert  into `django_session`(`session_key`,`session_data`,`expire_date`) values ('brup7wl2rehyugm8kbwuvngwutoqrpw3','.eJxVjMsOwiAUBf-FtSHcFgK4dO83kPugUjWQlHZl_Hdt0oVuz8ycl0q4rSVtPS9pFnVWMKjT70jIj1x3Inest6a51XWZSe-KPmjX1yb5eTncv4OCvXxrCxAsCCJx9tNkgpUQxImLBixbT-gZYg4wRjNG9gLivCcgZyK5OKj3BwZ-N6s:1oY1YU:V1WBLv8IdQXO7sNZCGLUdKY3RfcPuGQekje1RHzO_Zc','2022-09-27 08:46:06.685333');
insert  into `django_session`(`session_key`,`session_data`,`expire_date`) values ('bsmgs1rksu10egnpzu7jwr2msmv4t9l6','.eJxVjDsOwjAQBe_iGln-xjIlPWewdr1rHECOFCdVxN1JpBTQvpl5m0iwLjWtnec0krgK7cTld0TIL24HoSe0xyTz1JZ5RHko8qRd3ifi9-10_w4q9LrXEVSwFqIJTivLmah4BewiG-tBF-9RYTagUOewazxE681Qoo7IRCQ-XwGvOFU:1oYiLW:25O0NDSRXMZPy7w8S73nISFVezWLqD8Himrsb221FKE','2022-09-29 06:27:34.876400');
insert  into `django_session`(`session_key`,`session_data`,`expire_date`) values ('bth1iluej1a881ozic29q2072d8ld723','.eJxVjMsOwiAUBf-FtSHcFgK4dO83kPugUjWQlHZl_Hdt0oVuz8ycl0q4rSVtPS9pFnVWMKjT70jIj1x3Inest6a51XWZSe-KPmjX1yb5eTncv4OCvXxrCxAsCCJx9tNkgpUQxImLBixbT-gZYg4wRjNG9gLivCcgZyK5OKj3BwZ-N6s:1oVoLb:VscbQqbQgq7ESmM6bS9wCx9F77HZQLk32TUvygd99JI','2022-09-21 06:15:39.390823');
insert  into `django_session`(`session_key`,`session_data`,`expire_date`) values ('bxsci0u7eidvwn97qizbmqkchbdi4yxo','.eJxVjMEOwiAQBf-FsyHAQgGP3v0GAssiVQNJaU_Gf9cmPej1zcx7sRC3tYZt0BLmzM5MAjv9jinig9pO8j22W-fY27rMie8KP-jg157peTncv4MaR_3WaAinSQAhSo9QTKFiZRROK50KZKCsdNZaK-cVOY_CAVkL3ngCVIm9Pxo9OBc:1oYKys:5fOaHr_Iwlrj2mb8NlXc4PLJdnzQ7KPK-JtuOyBacj4','2022-09-28 05:30:38.843411');
insert  into `django_session`(`session_key`,`session_data`,`expire_date`) values ('c2360dg0beyb2rzcu316yg5f7a9wzsrj','.eJxVjDsOwjAQBe_iGln-xjIlPWewdr1rHECOFCdVxN1JpBTQvpl5m0iwLjWtnec0krgK7cTld0TIL24HoSe0xyTz1JZ5RHko8qRd3ifi9-10_w4q9LrXEVSwFqIJTivLmah4BewiG-tBF-9RYTagUOewazxE681Qoo7IRCQ-XwGvOFU:1oXeTS:dOm6JbR5mduBv7Atl0GkFm1dVISUzVLqhvWsR3-T9w8','2022-09-26 08:07:22.138483');
insert  into `django_session`(`session_key`,`session_data`,`expire_date`) values ('c4d65igr1qnvqlpgjhqc4s5717t6550j','.eJxVjMsOwiAUBf-FtSHcFgK4dO83kPugUjWQlHZl_Hdt0oVuz8ycl0q4rSVtPS9pFnVWMKjT70jIj1x3Inest6a51XWZSe-KPmjX1yb5eTncv4OCvXxrCxAsCCJx9tNkgpUQxImLBixbT-gZYg4wRjNG9gLivCcgZyK5OKj3BwZ-N6s:1oVoDO:QD7DUgpIh2C1581O-0T7ozDCP8lj2DE1kT2OrhJC_JQ','2022-09-21 06:07:10.578941');
insert  into `django_session`(`session_key`,`session_data`,`expire_date`) values ('c4zrs9wbb5wl9kh9uzam2kbrhokb9m4k','.eJxVjMsOwiAUBf-FtSHcFgK4dO83kPugUjWQlHZl_Hdt0oVuz8ycl0q4rSVtPS9pFnVWMKjT70jIj1x3Inest6a51XWZSe-KPmjX1yb5eTncv4OCvXxrCxAsCCJx9tNkgpUQxImLBixbT-gZYg4wRjNG9gLivCcgZyK5OKj3BwZ-N6s:1oVwAi:KfRB4yailJ_AJUWm_u39uBnjPdUtutH85CT_15I-WoQ','2022-09-21 14:36:56.463649');
insert  into `django_session`(`session_key`,`session_data`,`expire_date`) values ('c5ns470l0s1t36wzx9lji9tk1xlcwwpb','.eJxVjMEOwiAQBf-FsyHAQgGP3v0GAssiVQNJaU_Gf9cmPej1zcx7sRC3tYZt0BLmzM5MAjv9jinig9pO8j22W-fY27rMie8KP-jg157peTncv4MaR_3WaAinSQAhSo9QTKFiZRROK50KZKCsdNZaK-cVOY_CAVkL3ngCVIm9Pxo9OBc:1oYfhE:XnjjwBJ2Ni8Zu7UUlHI7QKQa8bc0xNsHDhCblZZnvas','2022-09-29 03:37:48.102888');
insert  into `django_session`(`session_key`,`session_data`,`expire_date`) values ('caa25a9v4d2at3f0dsyclsfjqld91ker','.eJxVjMsOwiAUBf-FtSHcFgK4dO83kPugUjWQlHZl_Hdt0oVuz8ycl0q4rSVtPS9pFnVWMKjT70jIj1x3Inest6a51XWZSe-KPmjX1yb5eTncv4OCvXxrCxAsCCJx9tNkgpUQxImLBixbT-gZYg4wRjNG9gLivCcgZyK5OKj3BwZ-N6s:1oVbLm:7Ct7jAuL4RamzwLLg3-khOIm7keaoF3F5YSooIsaH5Q','2022-09-20 16:22:58.964037');
insert  into `django_session`(`session_key`,`session_data`,`expire_date`) values ('cdzwqtt16qgoi3fey9hfwy7doxabnkwt','.eJxVjMsOwiAUBf-FtSHcFgK4dO83kPugUjWQlHZl_Hdt0oVuz8ycl0q4rSVtPS9pFnVWMKjT70jIj1x3Inest6a51XWZSe-KPmjX1yb5eTncv4OCvXxrCxAsCCJx9tNkgpUQxImLBixbT-gZYg4wRjNG9gLivCcgZyK5OKj3BwZ-N6s:1oY0iA:cxV_wwCkej79mOPk1py8Dv4yo43VpKtopoHmcvMlYhg','2022-09-27 07:52:02.616775');
insert  into `django_session`(`session_key`,`session_data`,`expire_date`) values ('cf2k8klmldfpajlz3pjrzjmuseq7n9a3','.eJxVjDsOwjAQBe_iGln-xjIlPWewdr1rHECOFCdVxN1JpBTQvpl5m0iwLjWtnec0krgK7cTld0TIL24HoSe0xyTz1JZ5RHko8qRd3ifi9-10_w4q9LrXEVSwFqIJTivLmah4BewiG-tBF-9RYTagUOewazxE681Qoo7IRCQ-XwGvOFU:1oXfHx:VPfKxwyhTukv9lwEs-8u6hdFEY2VRs2MXQe5aE00yR4','2022-09-26 08:59:33.203200');
insert  into `django_session`(`session_key`,`session_data`,`expire_date`) values ('cfk94rb6b2uw7t64ou7xn7l3ad7o513f','.eJxVjMsOwiAUBf-FtSHcFgK4dO83kPugUjWQlHZl_Hdt0oVuz8ycl0q4rSVtPS9pFnVWMKjT70jIj1x3Inest6a51XWZSe-KPmjX1yb5eTncv4OCvXxrCxAsCCJx9tNkgpUQxImLBixbT-gZYg4wRjNG9gLivCcgZyK5OKj3BwZ-N6s:1oVVSO:OFLDuzJJi9PadDyLW4NgXxMSzUSJsU9o58-H0N-OHj4','2022-09-20 10:05:24.526476');
insert  into `django_session`(`session_key`,`session_data`,`expire_date`) values ('cgh2xwkpnsbx4wces4u4aryzybdofkbx','.eJxVjEEOwiAQRe_C2hAYhgAu3XsGMsAgVUOT0q6Md9cmXej2v_f-S0Ta1ha3wUucijiLIE6_W6L84L6Dcqd-m2We-7pMSe6KPOiQ17nw83K4fweNRvvWzleNoAlNDa6ywQzKEAJWxRqd86yszglSChUyOEBLJXuDxlROYMX7A801N2o:1oV6dd:cyeZ2IyErA-ZwhH5dTWI7ITU02nnNAXGnXq8HYG6Rag','2022-09-19 07:35:21.569096');
insert  into `django_session`(`session_key`,`session_data`,`expire_date`) values ('ckrokq22f2f6f03tbxh1a9tn9h4j3duy','.eJxVjDsOwjAQBe_iGln-xjIlPWewdr1rHECOFCdVxN1JpBTQvpl5m0iwLjWtnec0krgK7cTld0TIL24HoSe0xyTz1JZ5RHko8qRd3ifi9-10_w4q9LrXEVSwFqIJTivLmah4BewiG-tBF-9RYTagUOewazxE681Qoo7IRCQ-XwGvOFU:1oXgsX:EvtQm2vwXiYwQqFf-lsj821PWCfel8Lfi2KkZDYdjIw','2022-09-26 10:41:25.952981');
insert  into `django_session`(`session_key`,`session_data`,`expire_date`) values ('cpsybvk1qae9w1ivme6wbbas48incrco','.eJxVjMsOwiAUBf-FtSHcFgK4dO83kPugUjWQlHZl_Hdt0oVuz8ycl0q4rSVtPS9pFnVWMKjT70jIj1x3Inest6a51XWZSe-KPmjX1yb5eTncv4OCvXxrCxAsCCJx9tNkgpUQxImLBixbT-gZYg4wRjNG9gLivCcgZyK5OKj3BwZ-N6s:1oVOsD:YEHXhvjJ1VxLbqshnS_TArHjCeI9barAbtqHEduNSck','2022-09-20 03:03:37.561336');
insert  into `django_session`(`session_key`,`session_data`,`expire_date`) values ('cqiwlv23tmy8nmlue18gkgpak68c4dkk','.eJxVjMsOwiAUBf-FtSHcFgK4dO83kPugUjWQlHZl_Hdt0oVuz8ycl0q4rSVtPS9pFnVWMKjT70jIj1x3Inest6a51XWZSe-KPmjX1yb5eTncv4OCvXxrCxAsCCJx9tNkgpUQxImLBixbT-gZYg4wRjNG9gLivCcgZyK5OKj3BwZ-N6s:1oVwUq:ofc4Bmhd_zPHHd8lFuKqyIClOdd_1TxKT3WWsmBeUY0','2022-09-21 14:57:44.398992');
insert  into `django_session`(`session_key`,`session_data`,`expire_date`) values ('cs2g0v0njbsn289f9g5divsszvo6pckz','.eJxVjMsOwiAUBf-FtSHcFgK4dO83kPugUjWQlHZl_Hdt0oVuz8ycl0q4rSVtPS9pFnVWMKjT70jIj1x3Inest6a51XWZSe-KPmjX1yb5eTncv4OCvXxrCxAsCCJx9tNkgpUQxImLBixbT-gZYg4wRjNG9gLivCcgZyK5OKj3BwZ-N6s:1oVvfh:SQTNULObaA1S2TTfCyhu0JuiXRqy0zXsaMuqXdfw43Y','2022-09-21 14:04:53.083417');
insert  into `django_session`(`session_key`,`session_data`,`expire_date`) values ('ctu3538b742xzcg5m9myscbq23mtnw2g','.eJxVjMsOwiAUBf-FtSHcFgK4dO83kPugUjWQlHZl_Hdt0oVuz8ycl0q4rSVtPS9pFnVWMKjT70jIj1x3Inest6a51XWZSe-KPmjX1yb5eTncv4OCvXxrCxAsCCJx9tNkgpUQxImLBixbT-gZYg4wRjNG9gLivCcgZyK5OKj3BwZ-N6s:1oY0YN:x8sf7bPOie8HpbRJ_uYVN3A44lx9qWr3CqRb01BRNDc','2022-09-27 07:41:55.097020');
insert  into `django_session`(`session_key`,`session_data`,`expire_date`) values ('cuw7bn5a8oa2l1v3uwe8zo5ye6szdwot','.eJxVjMsOwiAUBf-FtSHcFgK4dO83kPugUjWQlHZl_Hdt0oVuz8ycl0q4rSVtPS9pFnVWMKjT70jIj1x3Inest6a51XWZSe-KPmjX1yb5eTncv4OCvXxrCxAsCCJx9tNkgpUQxImLBixbT-gZYg4wRjNG9gLivCcgZyK5OKj3BwZ-N6s:1oVlQI:vbeY7G9U473nzeyvBVL8blCvIqOA7UYnPm5lFmNYcMk','2022-09-21 03:08:18.404553');
insert  into `django_session`(`session_key`,`session_data`,`expire_date`) values ('cviw7tld44phhuoh32j480icz4pha0b8','.eJxVjMsOwiAUBf-FtSHcFgK4dO83kPugUjWQlHZl_Hdt0oVuz8ycl0q4rSVtPS9pFnVWMKjT70jIj1x3Inest6a51XWZSe-KPmjX1yb5eTncv4OCvXxrCxAsCCJx9tNkgpUQxImLBixbT-gZYg4wRjNG9gLivCcgZyK5OKj3BwZ-N6s:1oY16J:KBYVsj1tcsOcd_gQf1TUlePkeFX_kaGh17SQN-Et7nM','2022-09-27 08:16:59.259396');
insert  into `django_session`(`session_key`,`session_data`,`expire_date`) values ('cwmoap31b79gkboafx9vasonsuoh66hd','.eJxVjMsOwiAUBf-FtSHcFgK4dO83kPugUjWQlHZl_Hdt0oVuz8ycl0q4rSVtPS9pFnVWMKjT70jIj1x3Inest6a51XWZSe-KPmjX1yb5eTncv4OCvXxrCxAsCCJx9tNkgpUQxImLBixbT-gZYg4wRjNG9gLivCcgZyK5OKj3BwZ-N6s:1oVCG3:ryok89L-v5PNs4UeRbXM05WIrbOsYWZ52Ugnd2DM40M','2022-09-19 13:35:23.568567');
insert  into `django_session`(`session_key`,`session_data`,`expire_date`) values ('d1v04gpa1c8ddu3erstzj7chfeitzfqh','.eJxVjMsOwiAUBf-FtSHcFgK4dO83kPugUjWQlHZl_Hdt0oVuz8ycl0q4rSVtPS9pFnVWMKjT70jIj1x3Inest6a51XWZSe-KPmjX1yb5eTncv4OCvXxrCxAsCCJx9tNkgpUQxImLBixbT-gZYg4wRjNG9gLivCcgZyK5OKj3BwZ-N6s:1oVwvf:HvPzyuMotIcLnGsK_Dr_Y6hS5EMokLDoTN1TI4U9lPE','2022-09-21 15:25:27.965812');
insert  into `django_session`(`session_key`,`session_data`,`expire_date`) values ('d2rnx7fi6z3zcloscgf1llx149vbyqbm','.eJxVjMsOwiAUBf-FtSHcFgK4dO83kPugUjWQlHZl_Hdt0oVuz8ycl0q4rSVtPS9pFnVWMKjT70jIj1x3Inest6a51XWZSe-KPmjX1yb5eTncv4OCvXxrCxAsCCJx9tNkgpUQxImLBixbT-gZYg4wRjNG9gLivCcgZyK5OKj3BwZ-N6s:1oVbhW:-vrDfZJuKcbFNIEOm3s2xYg7L_AOxQNcCp-poiMJW54','2022-09-20 16:45:26.903671');
insert  into `django_session`(`session_key`,`session_data`,`expire_date`) values ('d6lss9z4yri7b46s8xhag5656cx4d6pj','.eJxVjMsOwiAUBf-FtSHcFgK4dO83kPugUjWQlHZl_Hdt0oVuz8ycl0q4rSVtPS9pFnVWMKjT70jIj1x3Inest6a51XWZSe-KPmjX1yb5eTncv4OCvXxrCxAsCCJx9tNkgpUQxImLBixbT-gZYg4wRjNG9gLivCcgZyK5OKj3BwZ-N6s:1oVnuF:mGCmYRGjZ4WpEOJqgvldxGYCQgPEYxYId0W06BF-e3U','2022-09-21 05:47:23.613337');
insert  into `django_session`(`session_key`,`session_data`,`expire_date`) values ('dbpqnbgyn9t0axfngx3qggk67t7l56fc','.eJxVjMsOwiAUBf-FtSHcFgK4dO83kPugUjWQlHZl_Hdt0oVuz8ycl0q4rSVtPS9pFnVWMKjT70jIj1x3Inest6a51XWZSe-KPmjX1yb5eTncv4OCvXxrCxAsCCJx9tNkgpUQxImLBixbT-gZYg4wRjNG9gLivCcgZyK5OKj3BwZ-N6s:1oVnlz:tXVOjeeivpcDNrS3tYcMaq44yYzzenYte9NPbXc4tWo','2022-09-21 05:38:51.227489');
insert  into `django_session`(`session_key`,`session_data`,`expire_date`) values ('ddx399qwn1m7hom97cws6i4l65gqmtge','.eJxVjMsOwiAUBf-FtSHcFgK4dO83kPugUjWQlHZl_Hdt0oVuz8ycl0q4rSVtPS9pFnVWMKjT70jIj1x3Inest6a51XWZSe-KPmjX1yb5eTncv4OCvXxrCxAsCCJx9tNkgpUQxImLBixbT-gZYg4wRjNG9gLivCcgZyK5OKj3BwZ-N6s:1oVTUe:Y5Ydcw39u0lZRBtRr4czOBUAwriUn2d0UAOcErXLXGw','2022-09-20 07:59:36.746057');
insert  into `django_session`(`session_key`,`session_data`,`expire_date`) values ('ddzg0wkipf4xwkzge4qu0318qzbcg65g','.eJxVjMEOwiAQBf-FsyHAQgGP3v0GAssiVQNJaU_Gf9cmPej1zcx7sRC3tYZt0BLmzM5MAjv9jinig9pO8j22W-fY27rMie8KP-jg157peTncv4MaR_3WaAinSQAhSo9QTKFiZRROK50KZKCsdNZaK-cVOY_CAVkL3ngCVIm9Pxo9OBc:1oXeMC:LdknYgS5OUAl8sqNeZaU-F4jtbj6OHrBdHQyuajhrQA','2022-09-26 07:59:52.607005');
insert  into `django_session`(`session_key`,`session_data`,`expire_date`) values ('dsla7hlff8eps374eyraocxtdcqsww40','.eJxVjMsOwiAUBf-FtSHcFgK4dO83kPugUjWQlHZl_Hdt0oVuz8ycl0q4rSVtPS9pFnVWMKjT70jIj1x3Inest6a51XWZSe-KPmjX1yb5eTncv4OCvXxrCxAsCCJx9tNkgpUQxImLBixbT-gZYg4wRjNG9gLivCcgZyK5OKj3BwZ-N6s:1oVQ3a:hXmb1tGGkViV9iszQWUHht4B32IsWJve8IcsdkL5UOw','2022-09-20 04:19:26.149188');
insert  into `django_session`(`session_key`,`session_data`,`expire_date`) values ('dsxtzxvzxv6uye1uivkegjxm8wkeh2pl','.eJxVjEsOAiEQBe_C2hAQ6AaX7ucMhIbGGTWQzGdlvLtOMgvdvqp6LxHTto5xW3iOUxEX4cTpd6OUH9x2UO6p3brMva3zRHJX5EEXOfTCz-vh_h2MaRm_dSBQwJjd2WElNkFhVZ5Yk1dg0ADVErQrqIFCZVQmEBXnmRCsBSveH9wJN5Q:1oQ1p2:VlWm4pODTWXNMsn75AR5UDWd1QKEFlnWgKtSlRqabbU','2022-09-05 07:26:08.200108');
insert  into `django_session`(`session_key`,`session_data`,`expire_date`) values ('dt7stj56no8tov1qinrge5uwgkw7lhhg','.eJxVjDsOwjAQBe_iGln-xjIlPWewdr1rHECOFCdVxN1JpBTQvpl5m0iwLjWtnec0krgK7cTld0TIL24HoSe0xyTz1JZ5RHko8qRd3ifi9-10_w4q9LrXEVSwFqIJTivLmah4BewiG-tBF-9RYTagUOewazxE681Qoo7IRCQ-XwGvOFU:1oXjPO:oTAPkksv1Zq2WOVlOqXHvafTaiZdbGpINOv_m9YJ7B0','2022-09-26 13:23:30.129822');
insert  into `django_session`(`session_key`,`session_data`,`expire_date`) values ('ebgog4v8jrm8umrr41fubk0iqlgeh7q4','.eJxVjEsOAiEQBe_C2hAQ6AaX7ucMhIbGGTWQzGdlvLtOMgvdvqp6LxHTto5xW3iOUxEX4cTpd6OUH9x2UO6p3brMva3zRHJX5EEXOfTCz-vh_h2MaRm_dSBQwJjd2WElNkFhVZ5Yk1dg0ADVErQrqIFCZVQmEBXnmRCsBSveH9wJN5Q:1oTGZt:bOcUf0-520dQ93uAt-RuvxhzJ6SkURYMYa7cV-7Xusw','2022-09-14 05:47:53.226963');
insert  into `django_session`(`session_key`,`session_data`,`expire_date`) values ('eeynvanr0004lpv8tfx6fp41ra3a938n','.eJxVjMEOwiAQBf-FsyHAQgGP3v0GAssiVQNJaU_Gf9cmPej1zcx7sRC3tYZt0BLmzM5MAjv9jinig9pO8j22W-fY27rMie8KP-jg157peTncv4MaR_3WaAinSQAhSo9QTKFiZRROK50KZKCsdNZaK-cVOY_CAVkL3ngCVIm9Pxo9OBc:1oYmoK:p75pFUE0MBn3h8Tl0vX7ZvL5AaItcsbrp8mYHCpMpWk','2022-09-29 11:13:36.830036');
insert  into `django_session`(`session_key`,`session_data`,`expire_date`) values ('eh601kr8mbzfhrtorrlud27go3h2k0f8','.eJxVjMsOwiAUBf-FtSHcFgK4dO83kPugUjWQlHZl_Hdt0oVuz8ycl0q4rSVtPS9pFnVWMKjT70jIj1x3Inest6a51XWZSe-KPmjX1yb5eTncv4OCvXxrCxAsCCJx9tNkgpUQxImLBixbT-gZYg4wRjNG9gLivCcgZyK5OKj3BwZ-N6s:1oVQES:jalFalIBJK_OgmGimIrJpVt85cuUCcXMM7xZa1V6Sms','2022-09-20 04:30:40.008787');
insert  into `django_session`(`session_key`,`session_data`,`expire_date`) values ('ehpl7o70f4xqa7v9fp81mo782x7evocv','.eJxVjEsOAiEQBe_C2hAQ6AaX7ucMhIbGGTWQzGdlvLtOMgvdvqp6LxHTto5xW3iOUxEX4cTpd6OUH9x2UO6p3brMva3zRHJX5EEXOfTCz-vh_h2MaRm_dSBQwJjd2WElNkFhVZ5Yk1dg0ADVErQrqIFCZVQmEBXnmRCsBSveH9wJN5Q:1oTJph:d_PbRcEDNibu1lmhwX8I7EC_4n8_AbqTi-zxK2Tx5b8','2022-09-14 09:16:25.527309');
insert  into `django_session`(`session_key`,`session_data`,`expire_date`) values ('ekq2m7wylcikf39cs8q8difkm3xcy68l','.eJxVjEEOwiAQRe_C2hAYhgAu3XsGMsAgVUOT0q6Md9cmXej2v_f-S0Ta1ha3wUucijiLIE6_W6L84L6Dcqd-m2We-7pMSe6KPOiQ17nw83K4fweNRvvWzleNoAlNDa6ywQzKEAJWxRqd86yszglSChUyOEBLJXuDxlROYMX7A801N2o:1oV734:jwRA6CdYa1a_FS6i-sX-Bw_IUrnimWRSVZGrV2ozOB0','2022-09-19 08:01:38.906277');
insert  into `django_session`(`session_key`,`session_data`,`expire_date`) values ('eku9d9od9d73w33wsvyn7a3yz6ub3ofw','.eJxVjMsOwiAUBf-FtSHcFgK4dO83kPugUjWQlHZl_Hdt0oVuz8ycl0q4rSVtPS9pFnVWMKjT70jIj1x3Inest6a51XWZSe-KPmjX1yb5eTncv4OCvXxrCxAsCCJx9tNkgpUQxImLBixbT-gZYg4wRjNG9gLivCcgZyK5OKj3BwZ-N6s:1oVbwd:_N6aM1y2nr9Op2Biz9cbvOVEG1F5k283nXVraf5GjQI','2022-09-20 17:01:03.313497');
insert  into `django_session`(`session_key`,`session_data`,`expire_date`) values ('elugwnnbh41yajv1gm85iwayou5gbdqs','.eJxVjDsOwjAQBe_iGln-xjIlPWewdr1rHECOFCdVxN1JpBTQvpl5m0iwLjWtnec0krgK7cTld0TIL24HoSe0xyTz1JZ5RHko8qRd3ifi9-10_w4q9LrXEVSwFqIJTivLmah4BewiG-tBF-9RYTagUOewazxE681Qoo7IRCQ-XwGvOFU:1oYhzX:el2Y8bQsXOGh-IL017fStscSd3KoqlbPwzy1_z8ODS8','2022-09-29 06:04:51.415598');
insert  into `django_session`(`session_key`,`session_data`,`expire_date`) values ('emmzhgwooa6gng5nooncue9sv07hr6f7','.eJxVjMEOwiAQBf-FsyHAQgGP3v0GAssiVQNJaU_Gf9cmPej1zcx7sRC3tYZt0BLmzM5MAjv9jinig9pO8j22W-fY27rMie8KP-jg157peTncv4MaR_3WaAinSQAhSo9QTKFiZRROK50KZKCsdNZaK-cVOY_CAVkL3ngCVIm9Pxo9OBc:1oXFsT:BgwXcwkXQDxcrispSrrq3IL0IbTV7gkF3uyLyQv0xt4','2022-09-25 05:51:33.683661');
insert  into `django_session`(`session_key`,`session_data`,`expire_date`) values ('eu3nuj7en3tkmwio5wagbjqoo5x6lp6s','.eJxVjMsOwiAUBf-FtSHcFgK4dO83kPugUjWQlHZl_Hdt0oVuz8ycl0q4rSVtPS9pFnVWMKjT70jIj1x3Inest6a51XWZSe-KPmjX1yb5eTncv4OCvXxrCxAsCCJx9tNkgpUQxImLBixbT-gZYg4wRjNG9gLivCcgZyK5OKj3BwZ-N6s:1oVv26:LrlZgVyjdJAc_I8_HgmEY7NqWcrM7WzvgELdJBOwM3Y','2022-09-21 13:23:58.143914');
insert  into `django_session`(`session_key`,`session_data`,`expire_date`) values ('evnsq0j367eo5ooi9ooeqdlins66cr4j','.eJxVjDsOwjAQBe_iGln-xjIlPWewdr1rHECOFCdVxN1JpBTQvpl5m0iwLjWtnec0krgK7cTld0TIL24HoSe0xyTz1JZ5RHko8qRd3ifi9-10_w4q9LrXEVSwFqIJTivLmah4BewiG-tBF-9RYTagUOewazxE681Qoo7IRCQ-XwGvOFU:1oYiFS:d_GATp7oAHO4Y-E6nTl0_r8N3GAu6rKeNUtQJohdpik','2022-09-29 06:21:18.654607');
insert  into `django_session`(`session_key`,`session_data`,`expire_date`) values ('eyo7yly78age8wgbmrm1kz5l79mirze5','.eJxVjMEOwiAQBf-FsyHAQgGP3v0GAssiVQNJaU_Gf9cmPej1zcx7sRC3tYZt0BLmzM5MAjv9jinig9pO8j22W-fY27rMie8KP-jg157peTncv4MaR_3WaAinSQAhSo9QTKFiZRROK50KZKCsdNZaK-cVOY_CAVkL3ngCVIm9Pxo9OBc:1oVxg6:uNstw8Kt7hjxK6YrKskaO5_RMNxfPqakQdrNikj4JRc','2022-09-21 16:13:26.341453');
insert  into `django_session`(`session_key`,`session_data`,`expire_date`) values ('f4ko47qst1p0elc4addbxe1b2jepj2m5','.eJxVjMsOwiAUBf-FtSHcFgK4dO83kPugUjWQlHZl_Hdt0oVuz8ycl0q4rSVtPS9pFnVWMKjT70jIj1x3Inest6a51XWZSe-KPmjX1yb5eTncv4OCvXxrCxAsCCJx9tNkgpUQxImLBixbT-gZYg4wRjNG9gLivCcgZyK5OKj3BwZ-N6s:1oVmHb:RXcWRbWdR3yPLnsdmnk8Nd3pSfbE2g_lhNDvfqoipww','2022-09-21 04:03:23.062791');
insert  into `django_session`(`session_key`,`session_data`,`expire_date`) values ('f513dperooygqob9xtos5y3uq9iyfsn8','.eJxVjMEOwiAQBf-FsyHAQgGP3v0GAssiVQNJaU_Gf9cmPej1zcx7sRC3tYZt0BLmzM5MAjv9jinig9pO8j22W-fY27rMie8KP-jg157peTncv4MaR_3WaAinSQAhSo9QTKFiZRROK50KZKCsdNZaK-cVOY_CAVkL3ngCVIm9Pxo9OBc:1oXcsV:sCEvC843crtkZMlmzeoCcBhdEXoboySJ4r1xs-B4rsE','2022-09-26 06:25:07.934709');
insert  into `django_session`(`session_key`,`session_data`,`expire_date`) values ('f5gg9d2nu7e16y5zb8at132zv1d2ndcq','.eJxVjMsOwiAUBf-FtSHcFgK4dO83kPugUjWQlHZl_Hdt0oVuz8ycl0q4rSVtPS9pFnVWMKjT70jIj1x3Inest6a51XWZSe-KPmjX1yb5eTncv4OCvXxrCxAsCCJx9tNkgpUQxImLBixbT-gZYg4wRjNG9gLivCcgZyK5OKj3BwZ-N6s:1oVbvA:o1kEMmmsVRSYH5d5ttRMw_ZRuCktAbx_pZgWlAcGhEk','2022-09-20 16:59:32.393686');
insert  into `django_session`(`session_key`,`session_data`,`expire_date`) values ('f5hh8ml9kh0208bad2kzbe4i6b57ggf4','.eJxVjMEOwiAQBf-FsyHAQgGP3v0GAssiVQNJaU_Gf9cmPej1zcx7sRC3tYZt0BLmzM5MAjv9jinig9pO8j22W-fY27rMie8KP-jg157peTncv4MaR_3WaAinSQAhSo9QTKFiZRROK50KZKCsdNZaK-cVOY_CAVkL3ngCVIm9Pxo9OBc:1oWb7B:YMaFg5iBde_grDdl5WNgTIwr6cjFYIQ9KgLyRWEBlUI','2022-09-23 10:20:01.841029');
insert  into `django_session`(`session_key`,`session_data`,`expire_date`) values ('f6hahdl5cz489bwb11hkt46xve7ieops','.eJxVjMEOwiAQBf-FsyHAQgGP3v0GAssiVQNJaU_Gf9cmPej1zcx7sRC3tYZt0BLmzM5MAjv9jinig9pO8j22W-fY27rMie8KP-jg157peTncv4MaR_3WaAinSQAhSo9QTKFiZRROK50KZKCsdNZaK-cVOY_CAVkL3ngCVIm9Pxo9OBc:1oXdHg:yOcCzHGPKpYhV61bm2DLdAEj8CmjzkzAYWjqdMvwL-E','2022-09-26 06:51:08.525737');
insert  into `django_session`(`session_key`,`session_data`,`expire_date`) values ('fa50tvknkaoh8c7c85pzprnhoejfufe0','.eJxVjMsOwiAUBf-FtSHcFgK4dO83kPugUjWQlHZl_Hdt0oVuz8ycl0q4rSVtPS9pFnVWMKjT70jIj1x3Inest6a51XWZSe-KPmjX1yb5eTncv4OCvXxrCxAsCCJx9tNkgpUQxImLBixbT-gZYg4wRjNG9gLivCcgZyK5OKj3BwZ-N6s:1oVuvd:tHLFVw4LwjUf_neJ0SUQwiUJxc4HqSbNba2Leud3GkU','2022-09-21 13:17:17.788518');
insert  into `django_session`(`session_key`,`session_data`,`expire_date`) values ('fb41akaqrb49xrdrljqj9hqjn1qggmmn','.eJxVjMsOwiAUBf-FtSHcFgK4dO83kPugUjWQlHZl_Hdt0oVuz8ycl0q4rSVtPS9pFnVWMKjT70jIj1x3Inest6a51XWZSe-KPmjX1yb5eTncv4OCvXxrCxAsCCJx9tNkgpUQxImLBixbT-gZYg4wRjNG9gLivCcgZyK5OKj3BwZ-N6s:1oVUmv:W_vYcWbz1bDEM7nUpqGPFOvHkAwWcOCC5TB_3r6Peek','2022-09-20 09:22:33.861868');
insert  into `django_session`(`session_key`,`session_data`,`expire_date`) values ('fbf2qfalo7tt3vbg9b00w2l0djgqrxpa','.eJxVjMsOwiAUBf-FtSHcFgK4dO83kPugUjWQlHZl_Hdt0oVuz8ycl0q4rSVtPS9pFnVWMKjT70jIj1x3Inest6a51XWZSe-KPmjX1yb5eTncv4OCvXxrCxAsCCJx9tNkgpUQxImLBixbT-gZYg4wRjNG9gLivCcgZyK5OKj3BwZ-N6s:1oVvQ0:TcThjwc-o-B7Rwwf_if2iTpBJVVVNQ49LWtpEEJDUnE','2022-09-21 13:48:40.324492');
insert  into `django_session`(`session_key`,`session_data`,`expire_date`) values ('fdxl41ats2wu83vlm8zbkzehvwp9fa63','.eJxVjDsOwjAQBe_iGln-xjIlPWewdr1rHECOFCdVxN1JpBTQvpl5m0iwLjWtnec0krgK7cTld0TIL24HoSe0xyTz1JZ5RHko8qRd3ifi9-10_w4q9LrXEVSwFqIJTivLmah4BewiG-tBF-9RYTagUOewazxE681Qoo7IRCQ-XwGvOFU:1oXLxm:C261Yvlbw4787RI-zs7EJdOtCislfxEmOGEqCw0hdXw','2022-09-25 12:21:26.543550');
insert  into `django_session`(`session_key`,`session_data`,`expire_date`) values ('feqmmjqty721bj52k6wsectfjcjawun1','.eJxVjMEOwiAQBf-FsyHAQgGP3v0GAssiVQNJaU_Gf9cmPej1zcx7sRC3tYZt0BLmzM5MAjv9jinig9pO8j22W-fY27rMie8KP-jg157peTncv4MaR_3WaAinSQAhSo9QTKFiZRROK50KZKCsdNZaK-cVOY_CAVkL3ngCVIm9Pxo9OBc:1oY5Fv:mt7vPgrmOB2xjZj-9q_F1x7ews9E4RhjPecrIAB_OWg','2022-09-27 12:43:11.659280');
insert  into `django_session`(`session_key`,`session_data`,`expire_date`) values ('figicwaqot22dckruuxzvudmi8pq1pcy','.eJxVjEEOwiAQRe_C2hAYhgAu3XsGMsAgVUOT0q6Md9cmXej2v_f-S0Ta1ha3wUucijiLIE6_W6L84L6Dcqd-m2We-7pMSe6KPOiQ17nw83K4fweNRvvWzleNoAlNDa6ywQzKEAJWxRqd86yszglSChUyOEBLJXuDxlROYMX7A801N2o:1oV8jx:u_5xju3CynArcuLIBxkRHWlzsH9s3MXwM3oX5D4gpgk','2022-09-19 09:50:01.740637');
insert  into `django_session`(`session_key`,`session_data`,`expire_date`) values ('fipfnzr9r3ax8qhqc55a1s46v2jfjmwx','.eJxVjMEOwiAQBf-FsyHAQgGP3v0GAssiVQNJaU_Gf9cmPej1zcx7sRC3tYZt0BLmzM5MAjv9jinig9pO8j22W-fY27rMie8KP-jg157peTncv4MaR_3WaAinSQAhSo9QTKFiZRROK50KZKCsdNZaK-cVOY_CAVkL3ngCVIm9Pxo9OBc:1oWaxF:cWiyzralU5kfyp70B6tYNTvd4dCG418znixptuiJIkI','2022-09-23 10:09:45.323236');
insert  into `django_session`(`session_key`,`session_data`,`expire_date`) values ('fj576lwa2e3pxvgqh41fvxqvup4r9p1u','.eJxVjDsOwjAQBe_iGln-fyjpOYO1a29wANlSnFSIu0OkFNC-mXkvlmBba9oGLWku7MwkO_1uCPlBbQflDu3Wee5tXWbku8IPOvi1F3peDvfvoMKo31pYr8CQm7A4FC5i9EKSyphB6QgUlNGFcvDaWNJSGUQkkhCsjHHSgr0_6SU39w:1oHiqV:tdLop3KxihwLEvCcG_mr6JqX0rvgPuwORLO41R24FFw','2022-08-13 09:33:19.644256');
insert  into `django_session`(`session_key`,`session_data`,`expire_date`) values ('fp3kjzpqipltn7xm7mwawmgls74vwkjh','.eJxVjMEOwiAQBf-FsyHAQgGP3v0GAssiVQNJaU_Gf9cmPej1zcx7sRC3tYZt0BLmzM5MAjv9jinig9pO8j22W-fY27rMie8KP-jg157peTncv4MaR_3WaAinSQAhSo9QTKFiZRROK50KZKCsdNZaK-cVOY_CAVkL3ngCVIm9Pxo9OBc:1oYinB:L3YPH-ePa_aFrSwrYGjrysETr60QKpAhtiw76TIXV00','2022-09-29 06:56:09.567736');
insert  into `django_session`(`session_key`,`session_data`,`expire_date`) values ('fpj9idv9xbg0isg80r1jgwmasutgyq6n','.eJxVjMsOwiAUBf-FtSHcFgK4dO83kPugUjWQlHZl_Hdt0oVuz8ycl0q4rSVtPS9pFnVWMKjT70jIj1x3Inest6a51XWZSe-KPmjX1yb5eTncv4OCvXxrCxAsCCJx9tNkgpUQxImLBixbT-gZYg4wRjNG9gLivCcgZyK5OKj3BwZ-N6s:1oVmLD:SHYechfZGPo7kNPUIVcV0oW9DD-R3M_UL6lGxAxFdRM','2022-09-21 04:07:07.664456');
insert  into `django_session`(`session_key`,`session_data`,`expire_date`) values ('fsq9084om01hpfy2ykzbn15a83zow8vd','.eJxVjDsOwjAQBe_iGln-xjIlPWewdr1rHECOFCdVxN1JpBTQvpl5m0iwLjWtnec0krgK7cTld0TIL24HoSe0xyTz1JZ5RHko8qRd3ifi9-10_w4q9LrXEVSwFqIJTivLmah4BewiG-tBF-9RYTagUOewazxE681Qoo7IRCQ-XwGvOFU:1oXfds:zQZmme7o-gXBgTOMYsGfM23anCWgINeI6qBJA37hAHI','2022-09-26 09:22:12.689417');
insert  into `django_session`(`session_key`,`session_data`,`expire_date`) values ('fuok35n3ljmqjg0d18a7cn8ahukaxm5g','.eJxVjMEOwiAQBf-FsyHAQgGP3v0GAssiVQNJaU_Gf9cmPej1zcx7sRC3tYZt0BLmzM5MAjv9jinig9pO8j22W-fY27rMie8KP-jg157peTncv4MaR_3WaAinSQAhSo9QTKFiZRROK50KZKCsdNZaK-cVOY_CAVkL3ngCVIm9Pxo9OBc:1oWz3B:mlpWxRjWsW3WAZg85D2-qInNUxMBcqlga7QQRoPGD2c','2022-09-24 11:53:29.273749');
insert  into `django_session`(`session_key`,`session_data`,`expire_date`) values ('fvzqz9moj6orpty5zwrkcdjgxwbd7st1','.eJxVjMEOwiAQBf-FsyHAQgGP3v0GAssiVQNJaU_Gf9cmPej1zcx7sRC3tYZt0BLmzM5MAjv9jinig9pO8j22W-fY27rMie8KP-jg157peTncv4MaR_3WaAinSQAhSo9QTKFiZRROK50KZKCsdNZaK-cVOY_CAVkL3ngCVIm9Pxo9OBc:1oXGbh:kOMxxnWHvlsEh4HMOmyLNDX3CvqXrv3OobLy33GOuiA','2022-09-25 06:38:17.568098');
insert  into `django_session`(`session_key`,`session_data`,`expire_date`) values ('fwnepluijsh9g6b20hhu0bsftr0yrt89','.eJxVjMsOwiAUBf-FtSHcFgK4dO83kPugUjWQlHZl_Hdt0oVuz8ycl0q4rSVtPS9pFnVWMKjT70jIj1x3Inest6a51XWZSe-KPmjX1yb5eTncv4OCvXxrCxAsCCJx9tNkgpUQxImLBixbT-gZYg4wRjNG9gLivCcgZyK5OKj3BwZ-N6s:1oVVPx:BkiY1ll9nUm0Tjqb9kKV3wtk4bpJ1ODonusjUEpp7JM','2022-09-20 10:02:53.190068');
insert  into `django_session`(`session_key`,`session_data`,`expire_date`) values ('fxbbrkrkqyckmynzdezt8orvmh5plnpc','.eJxVjMsOwiAUBf-FtSHcFgK4dO83kPugUjWQlHZl_Hdt0oVuz8ycl0q4rSVtPS9pFnVWMKjT70jIj1x3Inest6a51XWZSe-KPmjX1yb5eTncv4OCvXxrCxAsCCJx9tNkgpUQxImLBixbT-gZYg4wRjNG9gLivCcgZyK5OKj3BwZ-N6s:1oVx6R:c390FkrCMYOV-fXs2oORBna-p_TLPGlOcXXBd7WhgQA','2022-09-21 15:36:35.080520');
insert  into `django_session`(`session_key`,`session_data`,`expire_date`) values ('g2ghv8daxq56r5bxl0wke4y7950conkf','.eJxVjMsOwiAUBf-FtSHcFgK4dO83kPugUjWQlHZl_Hdt0oVuz8ycl0q4rSVtPS9pFnVWMKjT70jIj1x3Inest6a51XWZSe-KPmjX1yb5eTncv4OCvXxrCxAsCCJx9tNkgpUQxImLBixbT-gZYg4wRjNG9gLivCcgZyK5OKj3BwZ-N6s:1oVmsx:ooI1WBqN-wrJZFEt9NUhYjpM7F33Myet8XdBpkHU3cU','2022-09-21 04:41:59.642598');
insert  into `django_session`(`session_key`,`session_data`,`expire_date`) values ('g2o0lkf7kallzhcsgtz3z4snddw99vo2','.eJxVjMEOwiAQBf-FsyHAQgGP3v0GAssiVQNJaU_Gf9cmPej1zcx7sRC3tYZt0BLmzM5MAjv9jinig9pO8j22W-fY27rMie8KP-jg157peTncv4MaR_3WaAinSQAhSo9QTKFiZRROK50KZKCsdNZaK-cVOY_CAVkL3ngCVIm9Pxo9OBc:1oWIet:RjLc511uoAuTu5gcRmbZRi8kZ8MYPwKTRCsNOwIIX2I','2022-09-22 14:37:35.175795');
insert  into `django_session`(`session_key`,`session_data`,`expire_date`) values ('g5gjpy42tdcvmugyvvdqcj114nlth2u9','.eJxVjMEOwiAQBf-FsyHAQgGP3v0GAssiVQNJaU_Gf9cmPej1zcx7sRC3tYZt0BLmzM5MAjv9jinig9pO8j22W-fY27rMie8KP-jg157peTncv4MaR_3WaAinSQAhSo9QTKFiZRROK50KZKCsdNZaK-cVOY_CAVkL3ngCVIm9Pxo9OBc:1oYmk4:FkyUjB5ceJnW0iHS8LXZtmYJgOyBL-fzXKxLSGHdfm4','2022-09-29 11:09:12.104609');
insert  into `django_session`(`session_key`,`session_data`,`expire_date`) values ('g69om90hqrb9qhy7b94mhdul07sfnbto','.eJxVjMsOwiAUBf-FtSHcFgK4dO83kPugUjWQlHZl_Hdt0oVuz8ycl0q4rSVtPS9pFnVWMKjT70jIj1x3Inest6a51XWZSe-KPmjX1yb5eTncv4OCvXxrCxAsCCJx9tNkgpUQxImLBixbT-gZYg4wRjNG9gLivCcgZyK5OKj3BwZ-N6s:1oVURw:uqSGc1ngZ4S8UMiiyW67CnOyww05Obt4Wr29L7g02a0','2022-09-20 09:00:52.744764');
insert  into `django_session`(`session_key`,`session_data`,`expire_date`) values ('gcknt6wqngain66hvmlobkx5jj7xwquk','.eJxVjMsOwiAUBf-FtSHcFgK4dO83kPugUjWQlHZl_Hdt0oVuz8ycl0q4rSVtPS9pFnVWMKjT70jIj1x3Inest6a51XWZSe-KPmjX1yb5eTncv4OCvXxrCxAsCCJx9tNkgpUQxImLBixbT-gZYg4wRjNG9gLivCcgZyK5OKj3BwZ-N6s:1oVmqM:-UeEwKH5hvjWv38mucjWtIqoNoNC1y0BvmuYAZTWoyY','2022-09-21 04:39:18.204138');
insert  into `django_session`(`session_key`,`session_data`,`expire_date`) values ('gdwne6e3u5pou14qw07a2fiz4lztafng','.eJxVjMsOwiAUBf-FtSHcFgK4dO83kPugUjWQlHZl_Hdt0oVuz8ycl0q4rSVtPS9pFnVWMKjT70jIj1x3Inest6a51XWZSe-KPmjX1yb5eTncv4OCvXxrCxAsCCJx9tNkgpUQxImLBixbT-gZYg4wRjNG9gLivCcgZyK5OKj3BwZ-N6s:1oYffY:oPdzx1Hwmm_INUNIM8OSvIHjS1JXeVKm6xOg1L2YLX0','2022-09-29 03:36:04.100279');
insert  into `django_session`(`session_key`,`session_data`,`expire_date`) values ('gjwkf42ggg8u6h18za34kgcx38wbphc5','.eJxVjMEOwiAQBf-FsyHAQgGP3v0GAssiVQNJaU_Gf9cmPej1zcx7sRC3tYZt0BLmzM5MAjv9jinig9pO8j22W-fY27rMie8KP-jg157peTncv4MaR_3WaAinSQAhSo9QTKFiZRROK50KZKCsdNZaK-cVOY_CAVkL3ngCVIm9Pxo9OBc:1oY6Ah:YteJot9VRbVB3ZusAUA4U5nayjBRlDkN7P3UbAwNul8','2022-09-27 13:41:51.130018');
insert  into `django_session`(`session_key`,`session_data`,`expire_date`) values ('gk58drkqa1p536xihp794nldk2g4z1vv','.eJxVjMsOwiAUBf-FtSHcFgK4dO83kPugUjWQlHZl_Hdt0oVuz8ycl0q4rSVtPS9pFnVWMKjT70jIj1x3Inest6a51XWZSe-KPmjX1yb5eTncv4OCvXxrCxAsCCJx9tNkgpUQxImLBixbT-gZYg4wRjNG9gLivCcgZyK5OKj3BwZ-N6s:1oVmjB:pU8k0fCaqLasTI20OFLGFTC5JO0XA3W6uHaTtCiJqnQ','2022-09-21 04:31:53.504535');
insert  into `django_session`(`session_key`,`session_data`,`expire_date`) values ('gk988y1jmhevf4bspeem08hdwgibzvg8','.eJxVjMEOwiAQBf-FsyHAQgGP3v0GAssiVQNJaU_Gf9cmPej1zcx7sRC3tYZt0BLmzM5MAjv9jinig9pO8j22W-fY27rMie8KP-jg157peTncv4MaR_3WaAinSQAhSo9QTKFiZRROK50KZKCsdNZaK-cVOY_CAVkL3ngCVIm9Pxo9OBc:1oWb5T:fB0bGR_5BeotL-asBHa8HEB2JGAgvLAo_Rt9D4qQwfg','2022-09-23 10:18:15.291021');
insert  into `django_session`(`session_key`,`session_data`,`expire_date`) values ('gkgcz5uw6n3tmqy4wizaon17sr7t2tu5','.eJxVjMsOwiAUBf-FtSHcFgK4dO83kPugUjWQlHZl_Hdt0oVuz8ycl0q4rSVtPS9pFnVWMKjT70jIj1x3Inest6a51XWZSe-KPmjX1yb5eTncv4OCvXxrCxAsCCJx9tNkgpUQxImLBixbT-gZYg4wRjNG9gLivCcgZyK5OKj3BwZ-N6s:1oVPXw:hmQdWR8Qiw1d7qjRjwSlbZqGNSB5vr4JIx3qw8znEak','2022-09-20 03:46:44.609633');
insert  into `django_session`(`session_key`,`session_data`,`expire_date`) values ('gn66n77jm3zp4effgjzcgodylgr5xs8p','.eJxVjMsOwiAUBf-FtSHcFgK4dO83kPugUjWQlHZl_Hdt0oVuz8ycl0q4rSVtPS9pFnVWMKjT70jIj1x3Inest6a51XWZSe-KPmjX1yb5eTncv4OCvXxrCxAsCCJx9tNkgpUQxImLBixbT-gZYg4wRjNG9gLivCcgZyK5OKj3BwZ-N6s:1oVt8J:lKj067YGhwvh9wd6PC3tyiEiEca5MnZc_w9-rOrFBOE','2022-09-21 11:22:15.615523');
insert  into `django_session`(`session_key`,`session_data`,`expire_date`) values ('gowgysyuhtoqmbs8q0jkeupxypu6n82i','.eJxVjMsOwiAUBf-FtSHcFgK4dO83kPugUjWQlHZl_Hdt0oVuz8ycl0q4rSVtPS9pFnVWMKjT70jIj1x3Inest6a51XWZSe-KPmjX1yb5eTncv4OCvXxrCxAsCCJx9tNkgpUQxImLBixbT-gZYg4wRjNG9gLivCcgZyK5OKj3BwZ-N6s:1oVSOY:b43B8hg5JkQGfyiw9Bm6DDTrNtkC6ySzDgZUUUle8Ac','2022-09-20 06:49:14.133257');
insert  into `django_session`(`session_key`,`session_data`,`expire_date`) values ('gq1aqorzegnme3gyerhadzxo28jb6zqq','.eJxVjMsOwiAUBf-FtSHcFgK4dO83kPugUjWQlHZl_Hdt0oVuz8ycl0q4rSVtPS9pFnVWMKjT70jIj1x3Inest6a51XWZSe-KPmjX1yb5eTncv4OCvXxrCxAsCCJx9tNkgpUQxImLBixbT-gZYg4wRjNG9gLivCcgZyK5OKj3BwZ-N6s:1oXcOS:bjJwuK3Aw78NLB-JtSllOBtfUO7Yff7aYqCwt7G5uBY','2022-09-26 05:54:04.437928');
insert  into `django_session`(`session_key`,`session_data`,`expire_date`) values ('gr7sopj14jpbbk7miakx257uj18optol','.eJxVjMsOwiAUBf-FtSHcFgK4dO83kPugUjWQlHZl_Hdt0oVuz8ycl0q4rSVtPS9pFnVWMKjT70jIj1x3Inest6a51XWZSe-KPmjX1yb5eTncv4OCvXxrCxAsCCJx9tNkgpUQxImLBixbT-gZYg4wRjNG9gLivCcgZyK5OKj3BwZ-N6s:1oVQ5D:sxJHP2l79n_zn6raOYB6Z2njouACaOhv8oUSjv7wK6w','2022-09-20 04:21:07.137070');
insert  into `django_session`(`session_key`,`session_data`,`expire_date`) values ('grgmysvhyq7zqo4smyrvmn51xypitx77','.eJxVjMsOwiAUBf-FtSHcFgK4dO83kPugUjWQlHZl_Hdt0oVuz8ycl0q4rSVtPS9pFnVWMKjT70jIj1x3Inest6a51XWZSe-KPmjX1yb5eTncv4OCvXxrCxAsCCJx9tNkgpUQxImLBixbT-gZYg4wRjNG9gLivCcgZyK5OKj3BwZ-N6s:1oY6tx:aIBs5MRi2viyuOr1WdmxRylIsqw9_CMKV6aupUZ1cFs','2022-09-27 14:28:37.141675');
insert  into `django_session`(`session_key`,`session_data`,`expire_date`) values ('gskoajvv6gxqrmg8wm8ozzstsis1uvxo','.eJxVjMsOwiAUBf-FtSHcFgK4dO83kPugUjWQlHZl_Hdt0oVuz8ycl0q4rSVtPS9pFnVWMKjT70jIj1x3Inest6a51XWZSe-KPmjX1yb5eTncv4OCvXxrCxAsCCJx9tNkgpUQxImLBixbT-gZYg4wRjNG9gLivCcgZyK5OKj3BwZ-N6s:1oVTL2:3a4tYqL2A0NMlPyLZ_S8vtCYaDVrafwqKa2QGpM6YfA','2022-09-20 07:49:40.366543');
insert  into `django_session`(`session_key`,`session_data`,`expire_date`) values ('gu2ynjhxl5wk9hdfqbztfki2cwptkes9','.eJxVjDsOwjAQBe_iGln-xjIlPWewdr1rHECOFCdVxN1JpBTQvpl5m0iwLjWtnec0krgK7cTld0TIL24HoSe0xyTz1JZ5RHko8qRd3ifi9-10_w4q9LrXEVSwFqIJTivLmah4BewiG-tBF-9RYTagUOewazxE681Qoo7IRCQ-XwGvOFU:1oXKnQ:CdmR5z3_KnlB2BW76Qlq3qCcAU1oUbccViBT1dFUUag','2022-09-25 11:06:40.243311');
insert  into `django_session`(`session_key`,`session_data`,`expire_date`) values ('h857unohvbe9y427sgtul13jysxcgwc6','.eJxVjMEOwiAQBf-FsyHAQgGP3v0GAssiVQNJaU_Gf9cmPej1zcx7sRC3tYZt0BLmzM5MAjv9jinig9pO8j22W-fY27rMie8KP-jg157peTncv4MaR_3WaAinSQAhSo9QTKFiZRROK50KZKCsdNZaK-cVOY_CAVkL3ngCVIm9Pxo9OBc:1oXdLE:RfY8nav-p5DKQa-WagucTGaKAKsRlijtH9PmmWoBPXQ','2022-09-26 06:54:48.911035');
insert  into `django_session`(`session_key`,`session_data`,`expire_date`) values ('hak69rosrm7y0xlaz22m94boatzoa84b','.eJxVjMsOwiAUBf-FtSHcFgK4dO83kPugUjWQlHZl_Hdt0oVuz8ycl0q4rSVtPS9pFnVWMKjT70jIj1x3Inest6a51XWZSe-KPmjX1yb5eTncv4OCvXxrCxAsCCJx9tNkgpUQxImLBixbT-gZYg4wRjNG9gLivCcgZyK5OKj3BwZ-N6s:1oVbqR:n5wjaSBeIT31wif7raHo2OGVUV-CVEq93Jyon5nOsgU','2022-09-20 16:54:39.823716');
insert  into `django_session`(`session_key`,`session_data`,`expire_date`) values ('hgpibqofrp6974prueb51ed6iqyiv12b','.eJxVjMsOwiAUBf-FtSHcFgK4dO83kPugUjWQlHZl_Hdt0oVuz8ycl0q4rSVtPS9pFnVWMKjT70jIj1x3Inest6a51XWZSe-KPmjX1yb5eTncv4OCvXxrCxAsCCJx9tNkgpUQxImLBixbT-gZYg4wRjNG9gLivCcgZyK5OKj3BwZ-N6s:1oVvxY:2z0TBjpEkn0kRXL2VwiJj2rmTSy7vAMYK4Hy_d47juM','2022-09-21 14:23:20.587338');
insert  into `django_session`(`session_key`,`session_data`,`expire_date`) values ('hgr7qtoizvvawp6zh78jbsqo7vsn3e28','.eJxVjDsOwjAQBe_iGln-xjIlPWewdr1rHECOFCdVxN1JpBTQvpl5m0iwLjWtnec0krgK7cTld0TIL24HoSe0xyTz1JZ5RHko8qRd3ifi9-10_w4q9LrXEVSwFqIJTivLmah4BewiG-tBF-9RYTagUOewazxE681Qoo7IRCQ-XwGvOFU:1oY4hx:_3N3gzZJrmS4r_RhybWt74a6zE-YbPvswvwoNCUd80I','2022-09-27 12:08:05.008719');
insert  into `django_session`(`session_key`,`session_data`,`expire_date`) values ('hi1iip5w1nut201shcykly8hg7226hha','.eJxVjMsOwiAUBf-FtSHcFgK4dO83kPugUjWQlHZl_Hdt0oVuz8ycl0q4rSVtPS9pFnVWMKjT70jIj1x3Inest6a51XWZSe-KPmjX1yb5eTncv4OCvXxrCxAsCCJx9tNkgpUQxImLBixbT-gZYg4wRjNG9gLivCcgZyK5OKj3BwZ-N6s:1oVshb:HCAAf2YktTQ7M6lrVX5450NRndcvidToe5Tet8Ar5og','2022-09-21 10:54:39.836450');
insert  into `django_session`(`session_key`,`session_data`,`expire_date`) values ('hlel2z1qxbkm07gk2u9c4r94czdkt2cv','.eJxVjMsOwiAUBf-FtSHcFgK4dO83kPugUjWQlHZl_Hdt0oVuz8ycl0q4rSVtPS9pFnVWMKjT70jIj1x3Inest6a51XWZSe-KPmjX1yb5eTncv4OCvXxrCxAsCCJx9tNkgpUQxImLBixbT-gZYg4wRjNG9gLivCcgZyK5OKj3BwZ-N6s:1oY0X8:sv2sejFM4d7DY5DwCinxQ8nb-1BieHEKwudaJp3NVEA','2022-09-27 07:40:38.645666');
insert  into `django_session`(`session_key`,`session_data`,`expire_date`) values ('hm2r5tioi2pwt83y0fl7lfycrqpwp9kp','.eJxVjEEOwiAQRe_C2hCggQ4u3XsGMswMUjVtUtpV490NSRe6_e-9f6iE-1bT3mRNE6urcuryu2Wkl8wd8BPnx6Jpmbd1yror-qRN3xeW9-10_w4qttprAHIkFg04Fh5sDITBURg9WiJbMGeAAH4wA6PJKMGLKW6MsSADqc8X_l04vQ:1oNXeX:0n2Ghn4iai3DjH1kbfvZSVPlajQWgf-OHKodujytFjM','2022-08-29 10:49:01.962255');
insert  into `django_session`(`session_key`,`session_data`,`expire_date`) values ('hmg659ssmxwwcchj9c3802hm36brwgxj','.eJxVjMEOwiAQBf-FsyHAQgGP3v0GAssiVQNJaU_Gf9cmPej1zcx7sRC3tYZt0BLmzM5MAjv9jinig9pO8j22W-fY27rMie8KP-jg157peTncv4MaR_3WaAinSQAhSo9QTKFiZRROK50KZKCsdNZaK-cVOY_CAVkL3ngCVIm9Pxo9OBc:1oXFR1:ds3xakJfJ6lTacct73cQeEff6xTu3RWBlD7G-KpKkXg','2022-09-25 05:23:11.370768');
insert  into `django_session`(`session_key`,`session_data`,`expire_date`) values ('hnadwk85hxz5jugmjgieb5asz1otdxbx','.eJxVjMsOwiAUBf-FtSHcFgK4dO83kPugUjWQlHZl_Hdt0oVuz8ycl0q4rSVtPS9pFnVWMKjT70jIj1x3Inest6a51XWZSe-KPmjX1yb5eTncv4OCvXxrCxAsCCJx9tNkgpUQxImLBixbT-gZYg4wRjNG9gLivCcgZyK5OKj3BwZ-N6s:1oXyzR:g7Wy1UEDSZMLsqFaADfqSC0aMx7J7xkDufMD0jgakBo','2022-09-27 06:01:45.142272');
insert  into `django_session`(`session_key`,`session_data`,`expire_date`) values ('hrkm5po4ysys1mhhypfnk2364nu4epwy','.eJxVjEsOAiEQBe_C2hAQ6AaX7ucMhIbGGTWQzGdlvLtOMgvdvqp6LxHTto5xW3iOUxEX4cTpd6OUH9x2UO6p3brMva3zRHJX5EEXOfTCz-vh_h2MaRm_dSBQwJjd2WElNkFhVZ5Yk1dg0ADVErQrqIFCZVQmEBXnmRCsBSveH9wJN5Q:1oTcZw:GWuWoJYuTz43GTu4mpBsy2t_Es3AKcjuaqOrSYTTU4M','2022-09-15 05:17:24.993259');
insert  into `django_session`(`session_key`,`session_data`,`expire_date`) values ('hsyctru1tx14iy7d6rntvq43gd2hvox3','.eJxVjMsOwiAUBf-FtSHcFgK4dO83kPugUjWQlHZl_Hdt0oVuz8ycl0q4rSVtPS9pFnVWMKjT70jIj1x3Inest6a51XWZSe-KPmjX1yb5eTncv4OCvXxrCxAsCCJx9tNkgpUQxImLBixbT-gZYg4wRjNG9gLivCcgZyK5OKj3BwZ-N6s:1oVmrT:Uekrb-1NxBETPvIcG-www_DoC6b8K_9j75J5rWHZEBI','2022-09-21 04:40:27.623308');
insert  into `django_session`(`session_key`,`session_data`,`expire_date`) values ('hx3cb9wcoqjay00xym0l82aa7dk9fq8d','.eJxVjMEOwiAQBf-FsyHAQgGP3v0GAssiVQNJaU_Gf9cmPej1zcx7sRC3tYZt0BLmzM5MAjv9jinig9pO8j22W-fY27rMie8KP-jg157peTncv4MaR_3WaAinSQAhSo9QTKFiZRROK50KZKCsdNZaK-cVOY_CAVkL3ngCVIm9Pxo9OBc:1oVxpe:ASDLEVcFAS6awkrkIEJCwsDiKp4DXt_Tmv6WQtOn_y4','2022-09-21 16:23:18.323706');
insert  into `django_session`(`session_key`,`session_data`,`expire_date`) values ('hx3qpxmz6dlcw9zm9ihpf3e6z2zzontd','.eJxVjDsOwjAQBe_iGln-fyjpOYO1a29wANlSnFSIu0OkFNC-mXkvlmBba9oGLWku7MwkO_1uCPlBbQflDu3Wee5tXWbku8IPOvi1F3peDvfvoMKo31pYr8CQm7A4FC5i9EKSyphB6QgUlNGFcvDaWNJSGUQkkhCsjHHSgr0_6SU39w:1oGd5d:1p9aaVTaAnZIkpnFbppgaXprg-fTprMZNdsnA06h154','2022-08-10 09:12:25.508767');
insert  into `django_session`(`session_key`,`session_data`,`expire_date`) values ('i0xmcxilsj1uyz3v14jq082uvawd7s3h','.eJxVjMEOwiAQBf-FsyHAQgGP3v0GAssiVQNJaU_Gf9cmPej1zcx7sRC3tYZt0BLmzM5MAjv9jinig9pO8j22W-fY27rMie8KP-jg157peTncv4MaR_3WaAinSQAhSo9QTKFiZRROK50KZKCsdNZaK-cVOY_CAVkL3ngCVIm9Pxo9OBc:1oXcrF:uGT2J8J0R26pKjudfTgv9QTvpDKqlI198cQQVT_DROs','2022-09-26 06:23:49.477474');
insert  into `django_session`(`session_key`,`session_data`,`expire_date`) values ('i1avuc3ybh9d6l2eg66i7wf0cvuwtb3d','.eJxVjMEOwiAQBf-FsyHAQgGP3v0GAssiVQNJaU_Gf9cmPej1zcx7sRC3tYZt0BLmzM5MAjv9jinig9pO8j22W-fY27rMie8KP-jg157peTncv4MaR_3WaAinSQAhSo9QTKFiZRROK50KZKCsdNZaK-cVOY_CAVkL3ngCVIm9Pxo9OBc:1oWayn:O5CiaAMIfBSvdrCY1on-anAffR28Wei5JUQIDid9hSY','2022-09-23 10:11:21.912883');
insert  into `django_session`(`session_key`,`session_data`,`expire_date`) values ('i4wo14h0e12l2e6l57wrylu6dcvtux70','.eJxVjMsOwiAUBf-FtSHcFgK4dO83kPugUjWQlHZl_Hdt0oVuz8ycl0q4rSVtPS9pFnVWMKjT70jIj1x3Inest6a51XWZSe-KPmjX1yb5eTncv4OCvXxrCxAsCCJx9tNkgpUQxImLBixbT-gZYg4wRjNG9gLivCcgZyK5OKj3BwZ-N6s:1oVQ6z:LAUvzdPzGjXuAvvTT3tKYBHMQmHycHMyr-Dv6SNTMNs','2022-09-20 04:22:57.242568');
insert  into `django_session`(`session_key`,`session_data`,`expire_date`) values ('iargb8m46m4higny96uyx24mfzn0tk01','.eJxVjMsOwiAUBf-FtSHcFgK4dO83kPugUjWQlHZl_Hdt0oVuz8ycl0q4rSVtPS9pFnVWMKjT70jIj1x3Inest6a51XWZSe-KPmjX1yb5eTncv4OCvXxrCxAsCCJx9tNkgpUQxImLBixbT-gZYg4wRjNG9gLivCcgZyK5OKj3BwZ-N6s:1oVmG5:fi8_f7nyo5IU6dInGdh2Ygt9LKN1OKstBaoMD9g39CA','2022-09-21 04:01:49.229418');
insert  into `django_session`(`session_key`,`session_data`,`expire_date`) values ('icsqdtdzy7jf1r3ptpylwqzjd42s0w7m','.eJxVjMsOwiAUBf-FtSHcFgK4dO83kPugUjWQlHZl_Hdt0oVuz8ycl0q4rSVtPS9pFnVWMKjT70jIj1x3Inest6a51XWZSe-KPmjX1yb5eTncv4OCvXxrCxAsCCJx9tNkgpUQxImLBixbT-gZYg4wRjNG9gLivCcgZyK5OKj3BwZ-N6s:1oWCvO:wwxMNn5DJVNY5nmm5NJVhg__fvVxjn2y3fnrBJjIuhQ','2022-09-22 08:30:14.206013');
insert  into `django_session`(`session_key`,`session_data`,`expire_date`) values ('icz370irne8li4w8l430umf8tdgmh3ed','.eJxVjMEOwiAQBf-FsyHAQgGP3v0GAssiVQNJaU_Gf9cmPej1zcx7sRC3tYZt0BLmzM5MAjv9jinig9pO8j22W-fY27rMie8KP-jg157peTncv4MaR_3WaAinSQAhSo9QTKFiZRROK50KZKCsdNZaK-cVOY_CAVkL3ngCVIm9Pxo9OBc:1oVxi9:ZqBYzvXGdn1kEGxQ1cprzP7HtuQsiXreVd1THu0FCZw','2022-09-21 16:15:33.181700');
insert  into `django_session`(`session_key`,`session_data`,`expire_date`) values ('iiq90rdylrimpevjhk5myd0jj79mhard','.eJxVjMsOwiAUBf-FtSHcFgK4dO83kPugUjWQlHZl_Hdt0oVuz8ycl0q4rSVtPS9pFnVWMKjT70jIj1x3Inest6a51XWZSe-KPmjX1yb5eTncv4OCvXxrCxAsCCJx9tNkgpUQxImLBixbT-gZYg4wRjNG9gLivCcgZyK5OKj3BwZ-N6s:1oVB3a:2JRJCmpWmwmGmMqgrOFFSUczrQYQNimVB_iEeBR-ct0','2022-09-19 12:18:26.669971');
insert  into `django_session`(`session_key`,`session_data`,`expire_date`) values ('ineif8197z4tur4079mper3v8ty2cskc','.eJxVjEEOwiAQRe_C2hAYhgAu3XsGMsAgVUOT0q6Md9cmXej2v_f-S0Ta1ha3wUucijiLIE6_W6L84L6Dcqd-m2We-7pMSe6KPOiQ17nw83K4fweNRvvWzleNoAlNDa6ywQzKEAJWxRqd86yszglSChUyOEBLJXuDxlROYMX7A801N2o:1oV71G:8ywzy6ht9Qgnq3Zsajr9KiChqJvhLWsiqPctQ-qMlEA','2022-09-19 07:59:46.174010');
insert  into `django_session`(`session_key`,`session_data`,`expire_date`) values ('inf6hliu17i2udpgwsti4kv8xmcv4p35','.eJxVjMsOwiAUBf-FtSHcFgK4dO83kPugUjWQlHZl_Hdt0oVuz8ycl0q4rSVtPS9pFnVWMKjT70jIj1x3Inest6a51XWZSe-KPmjX1yb5eTncv4OCvXxrCxAsCCJx9tNkgpUQxImLBixbT-gZYg4wRjNG9gLivCcgZyK5OKj3BwZ-N6s:1oVwtU:UPXOTwdL0J3y7iS3w06qthXDjn44c5_ojQz7ijaHrtE','2022-09-21 15:23:12.616589');
insert  into `django_session`(`session_key`,`session_data`,`expire_date`) values ('iqr2zpbfbefyq0zxicdi4lnmbrr4tqm4','.eJxVjDsOwjAQBe_iGln-xjIlPWewdr1rHECOFCdVxN1JpBTQvpl5m0iwLjWtnec0krgK7cTld0TIL24HoSe0xyTz1JZ5RHko8qRd3ifi9-10_w4q9LrXEVSwFqIJTivLmah4BewiG-tBF-9RYTagUOewazxE681Qoo7IRCQ-XwGvOFU:1oXiq4:qJPZRJC5g9jHd_ikaeU1XzzJsCuMoZbFg8WgrSXrhvQ','2022-09-26 12:47:00.823800');
insert  into `django_session`(`session_key`,`session_data`,`expire_date`) values ('irunvnljolbxer65sq450qsnm65l45xw','.eJxVjMsOwiAUBf-FtSHcFgK4dO83kPugUjWQlHZl_Hdt0oVuz8ycl0q4rSVtPS9pFnVWMKjT70jIj1x3Inest6a51XWZSe-KPmjX1yb5eTncv4OCvXxrCxAsCCJx9tNkgpUQxImLBixbT-gZYg4wRjNG9gLivCcgZyK5OKj3BwZ-N6s:1oVv95:MxpY6g5nqSXdjjctYbRqY4mBNDqlT3_KxPm8q8mrvm4','2022-09-21 13:31:11.522684');
insert  into `django_session`(`session_key`,`session_data`,`expire_date`) values ('it8be0t0awyc7pai9olebcnqwi8gf391','.eJxVjDsOwjAQBe_iGln-xjIlPWewdr1rHECOFCdVxN1JpBTQvpl5m0iwLjWtnec0krgK7cTld0TIL24HoSe0xyTz1JZ5RHko8qRd3ifi9-10_w4q9LrXEVSwFqIJTivLmah4BewiG-tBF-9RYTagUOewazxE681Qoo7IRCQ-XwGvOFU:1oXhUZ:vkU_IwY2TKPmowb4Pfg0Cilvvt4yDIg2tuJZ2FAjXbg','2022-09-26 11:20:43.556429');
insert  into `django_session`(`session_key`,`session_data`,`expire_date`) values ('iualfd3g4mgjsp7593bghm5km64zx3s7','.eJxVjMsOwiAUBf-FtSHcFgK4dO83kPugUjWQlHZl_Hdt0oVuz8ycl0q4rSVtPS9pFnVWMKjT70jIj1x3Inest6a51XWZSe-KPmjX1yb5eTncv4OCvXxrCxAsCCJx9tNkgpUQxImLBixbT-gZYg4wRjNG9gLivCcgZyK5OKj3BwZ-N6s:1oVwQP:7DChCqr2wYUkLPes_USNwGXr9UOv4ABVMiYlNykjEQ8','2022-09-21 14:53:09.506465');
insert  into `django_session`(`session_key`,`session_data`,`expire_date`) values ('iw2yw4te54gugdfrl11k3ek5wk7q66y8','.eJxVjMEOwiAQBf-FsyHAQgGP3v0GAssiVQNJaU_Gf9cmPej1zcx7sRC3tYZt0BLmzM5MAjv9jinig9pO8j22W-fY27rMie8KP-jg157peTncv4MaR_3WaAinSQAhSo9QTKFiZRROK50KZKCsdNZaK-cVOY_CAVkL3ngCVIm9Pxo9OBc:1oWcak:e65trCU3W01PR_XDTiRwVshwdbBLRUkq5uaDOM0bKm4','2022-09-23 11:54:38.242253');
insert  into `django_session`(`session_key`,`session_data`,`expire_date`) values ('iwcj3g4csu7xnenmyvyqf40ke987nkz7','.eJxVjMEOwiAQBf-FsyHAQgGP3v0GAssiVQNJaU_Gf9cmPej1zcx7sRC3tYZt0BLmzM5MAjv9jinig9pO8j22W-fY27rMie8KP-jg157peTncv4MaR_3WaAinSQAhSo9QTKFiZRROK50KZKCsdNZaK-cVOY_CAVkL3ngCVIm9Pxo9OBc:1oVpFG:YqB36X_AfrDtY6LHttmAgixE2A1uNvstaj1cpwifINI','2022-09-21 07:13:10.786800');
insert  into `django_session`(`session_key`,`session_data`,`expire_date`) values ('iwkkj8060j2et7fhey6lqcw97mcjdfk6','.eJxVjMsOwiAUBf-FtSHcFgK4dO83kPugUjWQlHZl_Hdt0oVuz8ycl0q4rSVtPS9pFnVWMKjT70jIj1x3Inest6a51XWZSe-KPmjX1yb5eTncv4OCvXxrCxAsCCJx9tNkgpUQxImLBixbT-gZYg4wRjNG9gLivCcgZyK5OKj3BwZ-N6s:1oXb2J:Ks5GbdM_SxZq-SlAFMvHijOYg4lyKUlVrQgP_-s-m3w','2022-09-26 04:27:07.693099');
insert  into `django_session`(`session_key`,`session_data`,`expire_date`) values ('iwmhwixwelsd9zdfkiu782t41bxvrt3k','.eJxVjEEOwiAQRe_C2hAYhgAu3XsGMsAgVUOT0q6Md9cmXej2v_f-S0Ta1ha3wUucijiLIE6_W6L84L6Dcqd-m2We-7pMSe6KPOiQ17nw83K4fweNRvvWzleNoAlNDa6ywQzKEAJWxRqd86yszglSChUyOEBLJXuDxlROYMX7A801N2o:1oV6fe:ZcoFgt7p0MdpbEOX6SulCKNgAF31LXzvizehZIaFxlM','2022-09-19 07:37:26.704995');
insert  into `django_session`(`session_key`,`session_data`,`expire_date`) values ('ixn3r8yjrvvflmyya4pmkpp32wf5wj04','.eJxVjMEOwiAQBf-FsyHAQgGP3v0GAssiVQNJaU_Gf9cmPej1zcx7sRC3tYZt0BLmzM5MAjv9jinig9pO8j22W-fY27rMie8KP-jg157peTncv4MaR_3WaAinSQAhSo9QTKFiZRROK50KZKCsdNZaK-cVOY_CAVkL3ngCVIm9Pxo9OBc:1oXg1O:DKQefEFLi648BngVsGTd-TLRG02N6cOkPR9drfBP0x0','2022-09-26 09:46:30.393781');
insert  into `django_session`(`session_key`,`session_data`,`expire_date`) values ('j1l5zctvs4bkkv8bnz5rjcyz3sxypvwz','.eJxVjMsOwiAUBf-FtSHcFgK4dO83kPugUjWQlHZl_Hdt0oVuz8ycl0q4rSVtPS9pFnVWMKjT70jIj1x3Inest6a51XWZSe-KPmjX1yb5eTncv4OCvXxrCxAsCCJx9tNkgpUQxImLBixbT-gZYg4wRjNG9gLivCcgZyK5OKj3BwZ-N6s:1oVR2W:YtVOE-uPG0PyfvkRy9ohBVVaRlwDtROZIYRIhUK8Xoc','2022-09-20 05:22:24.671597');
insert  into `django_session`(`session_key`,`session_data`,`expire_date`) values ('j4502sny49k6yxyxj4zhhpc5u3v6ab89','.eJxVjMsOwiAUBf-FtSHcFgK4dO83kPugUjWQlHZl_Hdt0oVuz8ycl0q4rSVtPS9pFnVWMKjT70jIj1x3Inest6a51XWZSe-KPmjX1yb5eTncv4OCvXxrCxAsCCJx9tNkgpUQxImLBixbT-gZYg4wRjNG9gLivCcgZyK5OKj3BwZ-N6s:1oVCIF:G5Y0zLf9DBvmul_dKdjCh5Ttb0OU7MHWph683e5qWgI','2022-09-19 13:37:39.041211');
insert  into `django_session`(`session_key`,`session_data`,`expire_date`) values ('j6624qz02b7k98fmvvoo677iy4uxpypv','.eJxVjDsOwjAQBe_iGln-xjIlPWewdr1rHECOFCdVxN1JpBTQvpl5m0iwLjWtnec0krgK7cTld0TIL24HoSe0xyTz1JZ5RHko8qRd3ifi9-10_w4q9LrXEVSwFqIJTivLmah4BewiG-tBF-9RYTagUOewazxE681Qoo7IRCQ-XwGvOFU:1oXfYm:H6K-qdjklLZuyYOFqI4CuFukeTtCpX2vaCtUIY4OA5o','2022-09-26 09:16:56.671340');
insert  into `django_session`(`session_key`,`session_data`,`expire_date`) values ('jd79vq6pust89xrsqjl3fzljcqgdhhk5','.eJxVjDsOwjAQBe_iGlnr2HFiSvqcwVrvbnAA2VI-FeLuJFIKaGfmvbeKuK05bovMcWJ1Vcaoyy9MSE8ph-EHlnvVVMs6T0kfiT7toofK8rqd7d9BxiXva48i1EIPxgbsyXOLvvMpdATskmXvqEEQxwCJCNvGYkgG_I7CKGNQny8SSTiA:1oXLuT:7S76_mpjJBdUvpTi-uFn7j2uGz5IxHEzQ0QEKdtRptg','2022-09-25 12:18:01.181069');
insert  into `django_session`(`session_key`,`session_data`,`expire_date`) values ('je9wlkmappb84q4kqto77dak2zh5weqz','.eJxVjEEOwiAQRe_C2hCggQ4u3XsGMswMUjVtUtpV490NSRe6_e-9f6iE-1bT3mRNE6urcuryu2Wkl8wd8BPnx6Jpmbd1yror-qRN3xeW9-10_w4qttprAHIkFg04Fh5sDITBURg9WiJbMGeAAH4wA6PJKMGLKW6MsSADqc8X_l04vQ:1oMM1F:yK4KmACFR19NbBmg-h1z1UJc1rJD351m2R2TtY7IMbI','2022-08-26 04:11:33.828084');
insert  into `django_session`(`session_key`,`session_data`,`expire_date`) values ('jfy1buwu0lyhgi6b6xv7o9qy5rha8mqn','.eJxVjMEOwiAQBf-FsyHAQgGP3v0GAssiVQNJaU_Gf9cmPej1zcx7sRC3tYZt0BLmzM5MAjv9jinig9pO8j22W-fY27rMie8KP-jg157peTncv4MaR_3WaAinSQAhSo9QTKFiZRROK50KZKCsdNZaK-cVOY_CAVkL3ngCVIm9Pxo9OBc:1oWb83:n3PICMKv26lvMFL4qhQbiSB6OOBPFd15Iy4_GZ9DqbU','2022-09-23 10:20:55.260666');
insert  into `django_session`(`session_key`,`session_data`,`expire_date`) values ('jlxw5eqr68bbups2j6rjq09asy62fv9c','.eJxVjMsOwiAUBf-FtSHcFgK4dO83kPugUjWQlHZl_Hdt0oVuz8ycl0q4rSVtPS9pFnVWMKjT70jIj1x3Inest6a51XWZSe-KPmjX1yb5eTncv4OCvXxrCxAsCCJx9tNkgpUQxImLBixbT-gZYg4wRjNG9gLivCcgZyK5OKj3BwZ-N6s:1oVn30:fYKw2gZYcWnvnXItM-UcyIMYDp-8gidTnny031qbzD8','2022-09-21 04:52:22.040710');
insert  into `django_session`(`session_key`,`session_data`,`expire_date`) values ('jqhdylj2zb53d74ijzycvblqrzsnus40','.eJxVjMsOwiAUBf-FtSHcFgK4dO83kPugUjWQlHZl_Hdt0oVuz8ycl0q4rSVtPS9pFnVWMKjT70jIj1x3Inest6a51XWZSe-KPmjX1yb5eTncv4OCvXxrCxAsCCJx9tNkgpUQxImLBixbT-gZYg4wRjNG9gLivCcgZyK5OKj3BwZ-N6s:1oVnmt:FRLGENOxQtIHMN32A_RJmYZT0ewtadfWXn7trTEZ6W4','2022-09-21 05:39:47.685868');
insert  into `django_session`(`session_key`,`session_data`,`expire_date`) values ('js9mw2di1ayg5s0ui7t5o67pnf5pmb2y','.eJxVjMEOwiAQBf-FsyHAQgGP3v0GAssiVQNJaU_Gf9cmPej1zcx7sRC3tYZt0BLmzM5MAjv9jinig9pO8j22W-fY27rMie8KP-jg157peTncv4MaR_3WaAinSQAhSo9QTKFiZRROK50KZKCsdNZaK-cVOY_CAVkL3ngCVIm9Pxo9OBc:1oXgbM:qhPmePOqFjmUTMkPifkyYAr-4CpjDLO-tQ6ORTAk4TM','2022-09-26 10:23:40.455150');
insert  into `django_session`(`session_key`,`session_data`,`expire_date`) values ('jtvht4tksxny99y4hp580pa9zlyyrcuk','.eJxVjMsOwiAUBf-FtSHcFgK4dO83kPugUjWQlHZl_Hdt0oVuz8ycl0q4rSVtPS9pFnVWMKjT70jIj1x3Inest6a51XWZSe-KPmjX1yb5eTncv4OCvXxrCxAsCCJx9tNkgpUQxImLBixbT-gZYg4wRjNG9gLivCcgZyK5OKj3BwZ-N6s:1oVSqe:M4BJGtziw4FW0-NWMSyFHdLPm4eCgViRWotM-g2hg-g','2022-09-20 07:18:16.101320');
insert  into `django_session`(`session_key`,`session_data`,`expire_date`) values ('jub565gnnrx27ql05fdjfn69sz6931hh','.eJxVjMEOwiAQBf-FsyHAQgGP3v0GAssiVQNJaU_Gf9cmPej1zcx7sRC3tYZt0BLmzM5MAjv9jinig9pO8j22W-fY27rMie8KP-jg157peTncv4MaR_3WaAinSQAhSo9QTKFiZRROK50KZKCsdNZaK-cVOY_CAVkL3ngCVIm9Pxo9OBc:1oY6Lk:EaOH8XPU50WSTLsqEmKZFBH_eGzK5CJnR8X6o3hnhRY','2022-09-27 13:53:16.188353');
insert  into `django_session`(`session_key`,`session_data`,`expire_date`) values ('juwr703ut8zqbjbahje0bf1ma1xdqzh2','.eJxVjEsOAiEQBe_C2hAQ6AaX7ucMhIbGGTWQzGdlvLtOMgvdvqp6LxHTto5xW3iOUxEX4cTpd6OUH9x2UO6p3brMva3zRHJX5EEXOfTCz-vh_h2MaRm_dSBQwJjd2WElNkFhVZ5Yk1dg0ADVErQrqIFCZVQmEBXnmRCsBSveH9wJN5Q:1oTGPG:lUhcbGTa3ufvH0t83Sb4snnZbts29pO9v-9k0ing4mI','2022-09-14 05:36:54.186951');
insert  into `django_session`(`session_key`,`session_data`,`expire_date`) values ('k1tu3l3kvflpox69tkclwsywck5iwgbj','.eJxVjMsOwiAUBf-FtSHcFgK4dO83kPugUjWQlHZl_Hdt0oVuz8ycl0q4rSVtPS9pFnVWMKjT70jIj1x3Inest6a51XWZSe-KPmjX1yb5eTncv4OCvXxrCxAsCCJx9tNkgpUQxImLBixbT-gZYg4wRjNG9gLivCcgZyK5OKj3BwZ-N6s:1oVc3a:tTvUkOqcqxfON3IEdkIeOeSDFKLSM_rqVkH3I5kpMjs','2022-09-20 17:08:14.074351');
insert  into `django_session`(`session_key`,`session_data`,`expire_date`) values ('k2562ug1cobrilwwj5uevym26gfjxkav','.eJxVjMsOwiAUBf-FtSHcFgK4dO83kPugUjWQlHZl_Hdt0oVuz8ycl0q4rSVtPS9pFnVWMKjT70jIj1x3Inest6a51XWZSe-KPmjX1yb5eTncv4OCvXxrCxAsCCJx9tNkgpUQxImLBixbT-gZYg4wRjNG9gLivCcgZyK5OKj3BwZ-N6s:1oVlcX:8qt5sKoT-Uf7bR7waajSCj4PEdRpcdYpI-qu3zFKKss','2022-09-21 03:20:57.749386');
insert  into `django_session`(`session_key`,`session_data`,`expire_date`) values ('k2umweflv1k4hfykqm5wdosnnqk49lbk','.eJxVjDsOwjAQBe_iGln-xjIlPWewdr1rHECOFCdVxN1JpBTQvpl5m0iwLjWtnec0krgK7cTld0TIL24HoSe0xyTz1JZ5RHko8qRd3ifi9-10_w4q9LrXEVSwFqIJTivLmah4BewiG-tBF-9RYTagUOewazxE681Qoo7IRCQ-XwGvOFU:1oXixw:Z903AnI3gCWsOiJgHk_uT2w85pghbbmqMyZIx42CCQM','2022-09-26 12:55:08.945143');
insert  into `django_session`(`session_key`,`session_data`,`expire_date`) values ('k3wvqre3k643iycjit5ghttxbr2pa7i7','.eJxVjMEOwiAQBf-FsyHAQgGP3v0GAssiVQNJaU_Gf9cmPej1zcx7sRC3tYZt0BLmzM5MAjv9jinig9pO8j22W-fY27rMie8KP-jg157peTncv4MaR_3WaAinSQAhSo9QTKFiZRROK50KZKCsdNZaK-cVOY_CAVkL3ngCVIm9Pxo9OBc:1oX0AF:691zozu0mbuEWWAZbll4jh3NYANbyRe2pv82xoNa35Y','2022-09-24 13:04:51.929785');
insert  into `django_session`(`session_key`,`session_data`,`expire_date`) values ('k4tqytepq35wfrahhmcfku9e6aio2dct','.eJxVjMEOwiAQBf-FsyHAQgGP3v0GAssiVQNJaU_Gf9cmPej1zcx7sRC3tYZt0BLmzM5MAjv9jinig9pO8j22W-fY27rMie8KP-jg157peTncv4MaR_3WaAinSQAhSo9QTKFiZRROK50KZKCsdNZaK-cVOY_CAVkL3ngCVIm9Pxo9OBc:1oYLNs:MyEfMUQOmu_7IogC9GWCkIw26Og-o29a1pv4GIl0dgw','2022-09-28 05:56:28.418095');
insert  into `django_session`(`session_key`,`session_data`,`expire_date`) values ('k5n4f74k9bsyioak6n35d94zgc0ll9na','.eJxVjMsOwiAUBf-FtSHcFgK4dO83kPugUjWQlHZl_Hdt0oVuz8ycl0q4rSVtPS9pFnVWMKjT70jIj1x3Inest6a51XWZSe-KPmjX1yb5eTncv4OCvXxrCxAsCCJx9tNkgpUQxImLBixbT-gZYg4wRjNG9gLivCcgZyK5OKj3BwZ-N6s:1oVQCp:2dSBx05ivubaFsJQRlVnMglknbc_VTZu-C1WyzwKo0k','2022-09-20 04:28:59.154544');
insert  into `django_session`(`session_key`,`session_data`,`expire_date`) values ('kdsmfpp0ok76co86l52qw65h2npig4yb','.eJxVjMsOwiAUBf-FtSHcFgK4dO83kPugUjWQlHZl_Hdt0oVuz8ycl0q4rSVtPS9pFnVWMKjT70jIj1x3Inest6a51XWZSe-KPmjX1yb5eTncv4OCvXxrCxAsCCJx9tNkgpUQxImLBixbT-gZYg4wRjNG9gLivCcgZyK5OKj3BwZ-N6s:1oVQso:xPwNKV4BmSsnjf5mIgabWVgkbuAMyEcOeFMahKFIyLc','2022-09-20 05:12:22.580730');
insert  into `django_session`(`session_key`,`session_data`,`expire_date`) values ('ke63fausvh6kejtfwqljbax0x6fo2uqe','.eJxVjMsOwiAUBf-FtSHcFgK4dO83kPugUjWQlHZl_Hdt0oVuz8ycl0q4rSVtPS9pFnVWMKjT70jIj1x3Inest6a51XWZSe-KPmjX1yb5eTncv4OCvXxrCxAsCCJx9tNkgpUQxImLBixbT-gZYg4wRjNG9gLivCcgZyK5OKj3BwZ-N6s:1oVoJg:IhpBbTdDr6e3GopsFv8Bzu_qVQ4mkpyMIjEqg9ymycQ','2022-09-21 06:13:40.082906');
insert  into `django_session`(`session_key`,`session_data`,`expire_date`) values ('kedxeu3bx55tnxmemsbc8fz66c4ayxk3','.eJxVjMsOwiAUBf-FtSHcFgK4dO83kPugUjWQlHZl_Hdt0oVuz8ycl0q4rSVtPS9pFnVWMKjT70jIj1x3Inest6a51XWZSe-KPmjX1yb5eTncv4OCvXxrCxAsCCJx9tNkgpUQxImLBixbT-gZYg4wRjNG9gLivCcgZyK5OKj3BwZ-N6s:1oVwSS:tZUMnAHOii2ZUfr34yTYHJIUfvEsDkaJVe0syR41yGg','2022-09-21 14:55:16.485547');
insert  into `django_session`(`session_key`,`session_data`,`expire_date`) values ('kg7q43pjoc5nvul2auonrgr0j9qz7o8z','.eJxVjMsOwiAUBf-FtSHcFgK4dO83kPugUjWQlHZl_Hdt0oVuz8ycl0q4rSVtPS9pFnVWMKjT70jIj1x3Inest6a51XWZSe-KPmjX1yb5eTncv4OCvXxrCxAsCCJx9tNkgpUQxImLBixbT-gZYg4wRjNG9gLivCcgZyK5OKj3BwZ-N6s:1oVQIa:18qsoQ8U_AJ9gsDHJ0QKY3Mh5gSWkobwbPbpiGwNIS0','2022-09-20 04:34:56.488325');
insert  into `django_session`(`session_key`,`session_data`,`expire_date`) values ('km3ie2cgqn9bmue5azdfiiu1pmddaeo3','.eJxVjMsOwiAUBf-FtSHcFgK4dO83kPugUjWQlHZl_Hdt0oVuz8ycl0q4rSVtPS9pFnVWMKjT70jIj1x3Inest6a51XWZSe-KPmjX1yb5eTncv4OCvXxrCxAsCCJx9tNkgpUQxImLBixbT-gZYg4wRjNG9gLivCcgZyK5OKj3BwZ-N6s:1oY1Po:IZ7Oe5qC5661QkjXwRNCndDDQFL-c1x7Fu6-27JANBA','2022-09-27 08:37:08.605972');
insert  into `django_session`(`session_key`,`session_data`,`expire_date`) values ('knggimluo88ui66rbxd1o3e2eybxke89','.eJxVjEEOwiAQRe_C2hAYhgAu3XsGMsAgVUOT0q6Md9cmXej2v_f-S0Ta1ha3wUucijiLIE6_W6L84L6Dcqd-m2We-7pMSe6KPOiQ17nw83K4fweNRvvWzleNoAlNDa6ywQzKEAJWxRqd86yszglSChUyOEBLJXuDxlROYMX7A801N2o:1oXbdI:cKZWX3mfnBOHmxd9ingnkccew0TsvuwLww6Z0rNj6b4','2022-09-26 05:05:20.004178');
insert  into `django_session`(`session_key`,`session_data`,`expire_date`) values ('kr4n652v25st5xv9oj8ns46d5rdj5vz8','.eJxVjDsOwjAQBe_iGln-xjIlPWewdr1rHECOFCdVxN1JpBTQvpl5m0iwLjWtnec0krgK7cTld0TIL24HoSe0xyTz1JZ5RHko8qRd3ifi9-10_w4q9LrXEVSwFqIJTivLmah4BewiG-tBF-9RYTagUOewazxE681Qoo7IRCQ-XwGvOFU:1oYiIp:tJHUCPWgQuxzseMPfdDGu-q2uVrwWR6qovkL2U701-o','2022-09-29 06:24:47.123434');
insert  into `django_session`(`session_key`,`session_data`,`expire_date`) values ('kskfkuwfxexxvuh65jtvbetzxcpwajtd','.eJxVjMEOwiAQBf-FsyHAQgGP3v0GAssiVQNJaU_Gf9cmPej1zcx7sRC3tYZt0BLmzM5MAjv9jinig9pO8j22W-fY27rMie8KP-jg157peTncv4MaR_3WaAinSQAhSo9QTKFiZRROK50KZKCsdNZaK-cVOY_CAVkL3ngCVIm9Pxo9OBc:1oY66r:R0YyleTzHTDRWazmnCIrl2qhsQc6B6LjXmXUc56POFA','2022-09-27 13:37:53.969537');
insert  into `django_session`(`session_key`,`session_data`,`expire_date`) values ('kxhjwo1a347qy0za0075k1u2em4gykkr','.eJxVjMsOwiAUBf-FtSHcFgK4dO83kPugUjWQlHZl_Hdt0oVuz8ycl0q4rSVtPS9pFnVWMKjT70jIj1x3Inest6a51XWZSe-KPmjX1yb5eTncv4OCvXxrCxAsCCJx9tNkgpUQxImLBixbT-gZYg4wRjNG9gLivCcgZyK5OKj3BwZ-N6s:1oYJpc:N_A_VmekfLBYfC5lw7GyA9wtFfYTgvW8UpLytziRFUA','2022-09-28 04:17:00.324697');
insert  into `django_session`(`session_key`,`session_data`,`expire_date`) values ('kyy6dp06yqwi2hc2j7axl2zri93ndnwr','.eJxVjMsOwiAUBf-FtSHcFgK4dO83kPugUjWQlHZl_Hdt0oVuz8ycl0q4rSVtPS9pFnVWMKjT70jIj1x3Inest6a51XWZSe-KPmjX1yb5eTncv4OCvXxrCxAsCCJx9tNkgpUQxImLBixbT-gZYg4wRjNG9gLivCcgZyK5OKj3BwZ-N6s:1oVSHv:KkWJ7SchqqMrUBdR9aA1qj2pq7vt3c0JW5De4bdBjM4','2022-09-20 06:42:23.869607');
insert  into `django_session`(`session_key`,`session_data`,`expire_date`) values ('l8z4t0a5qsx107u2b6hwold47pmu1xow','.eJxVjMsOwiAUBf-FtSHcFgK4dO83kPugUjWQlHZl_Hdt0oVuz8ycl0q4rSVtPS9pFnVWMKjT70jIj1x3Inest6a51XWZSe-KPmjX1yb5eTncv4OCvXxrCxAsCCJx9tNkgpUQxImLBixbT-gZYg4wRjNG9gLivCcgZyK5OKj3BwZ-N6s:1oVRxd:-Z-8yfr8BMk5SZyKBT_ANiNW1EPlkZr1HIYw48lsgfM','2022-09-20 06:21:25.985546');
insert  into `django_session`(`session_key`,`session_data`,`expire_date`) values ('l9o3zvl5ymma2rr8jmkb9i2vgtdwa4ss','.eJxVjMsOwiAUBf-FtSHcFgK4dO83kPugUjWQlHZl_Hdt0oVuz8ycl0q4rSVtPS9pFnVWMKjT70jIj1x3Inest6a51XWZSe-KPmjX1yb5eTncv4OCvXxrCxAsCCJx9tNkgpUQxImLBixbT-gZYg4wRjNG9gLivCcgZyK5OKj3BwZ-N6s:1oVCB4:iB2c860qnwTcpGXaZS0zKhKp66rTTOLV44ot5L49aEo','2022-09-19 13:30:14.335453');
insert  into `django_session`(`session_key`,`session_data`,`expire_date`) values ('lfyazht6e3uup8a4etnk6zvj7i408mxf','.eJxVjMsOwiAUBf-FtSHcFgK4dO83kPugUjWQlHZl_Hdt0oVuz8ycl0q4rSVtPS9pFnVWMKjT70jIj1x3Inest6a51XWZSe-KPmjX1yb5eTncv4OCvXxrCxAsCCJx9tNkgpUQxImLBixbT-gZYg4wRjNG9gLivCcgZyK5OKj3BwZ-N6s:1oVPd8:hr1E5_gZ0xdpBPF3wAd0OVlT2YGUFCNwmw2ILq2e4r4','2022-09-20 03:52:06.531211');
insert  into `django_session`(`session_key`,`session_data`,`expire_date`) values ('lkvt6nvm01y5y0tsm85pho92kyd1vvif','.eJxVjMsOwiAUBf-FtSHcFgK4dO83kPugUjWQlHZl_Hdt0oVuz8ycl0q4rSVtPS9pFnVWMKjT70jIj1x3Inest6a51XWZSe-KPmjX1yb5eTncv4OCvXxrCxAsCCJx9tNkgpUQxImLBixbT-gZYg4wRjNG9gLivCcgZyK5OKj3BwZ-N6s:1oYfau:ZjGEjC8XnT9ixK1vfKNMfztOcJKZtyWp4sdEwb6Dd7Q','2022-09-29 03:31:16.647958');
insert  into `django_session`(`session_key`,`session_data`,`expire_date`) values ('lmremm47oefhjq3scv0ucr3zugf58749','.eJxVjMEOwiAQBf-FsyHAQgGP3v0GAssiVQNJaU_Gf9cmPej1zcx7sRC3tYZt0BLmzM5MAjv9jinig9pO8j22W-fY27rMie8KP-jg157peTncv4MaR_3WaAinSQAhSo9QTKFiZRROK50KZKCsdNZaK-cVOY_CAVkL3ngCVIm9Pxo9OBc:1oYmih:PHf2M_jg65iYucgYnTvrvgbfkA5Nlvz0HjnWxHyf-eM','2022-09-29 11:07:47.176610');
insert  into `django_session`(`session_key`,`session_data`,`expire_date`) values ('lp14l1u8wex26tb0cmcvu0ogmfeh4kj4','.eJxVjMsOwiAUBf-FtSHcFgK4dO83kPugUjWQlHZl_Hdt0oVuz8ycl0q4rSVtPS9pFnVWMKjT70jIj1x3Inest6a51XWZSe-KPmjX1yb5eTncv4OCvXxrCxAsCCJx9tNkgpUQxImLBixbT-gZYg4wRjNG9gLivCcgZyK5OKj3BwZ-N6s:1oWCeT:1JW5pxBoe00A72ZboNSTF78IRoysmUDzqNYG4HLSLPc','2022-09-22 08:12:45.018516');
insert  into `django_session`(`session_key`,`session_data`,`expire_date`) values ('lvkjvgdnixs4olyjar6she2kqui6ohve','.eJxVjMsOwiAUBf-FtSHcFgK4dO83kPugUjWQlHZl_Hdt0oVuz8ycl0q4rSVtPS9pFnVWMKjT70jIj1x3Inest6a51XWZSe-KPmjX1yb5eTncv4OCvXxrCxAsCCJx9tNkgpUQxImLBixbT-gZYg4wRjNG9gLivCcgZyK5OKj3BwZ-N6s:1oVCXz:TIwWLVQe5AsX8_Mn4fvD7wDn5R1tjVmkWZ-0HT6TPmM','2022-09-19 13:53:55.066170');
insert  into `django_session`(`session_key`,`session_data`,`expire_date`) values ('lw5hkru8kqnqtter9wfxyxdo8a243uav','.eJxVjMEOwiAQBf-FsyHAQgGP3v0GAssiVQNJaU_Gf9cmPej1zcx7sRC3tYZt0BLmzM5MAjv9jinig9pO8j22W-fY27rMie8KP-jg157peTncv4MaR_3WaAinSQAhSo9QTKFiZRROK50KZKCsdNZaK-cVOY_CAVkL3ngCVIm9Pxo9OBc:1oWaTt:FGUnfSOPeFnKrHFGn1JbNGq4rCCIoUmgKm_8mDidGk0','2022-09-23 09:39:25.212711');
insert  into `django_session`(`session_key`,`session_data`,`expire_date`) values ('m15j0j6uro6izcpgaqhsa1q2ruf8bi6t','.eJxVjMsOwiAUBf-FtSHcFgK4dO83kPugUjWQlHZl_Hdt0oVuz8ycl0q4rSVtPS9pFnVWMKjT70jIj1x3Inest6a51XWZSe-KPmjX1yb5eTncv4OCvXxrCxAsCCJx9tNkgpUQxImLBixbT-gZYg4wRjNG9gLivCcgZyK5OKj3BwZ-N6s:1oXdbn:Wqj9_sP5f4-D9dgTGBonmhujM03IryA5iRqA_U9NKFY','2022-09-26 07:11:55.167262');
insert  into `django_session`(`session_key`,`session_data`,`expire_date`) values ('m1umwldwm8tgn7hr9hkji2340ab8nn0q','.eJxVjMEOwiAQBf-FsyHAQgGP3v0GAssiVQNJaU_Gf9cmPej1zcx7sRC3tYZt0BLmzM5MAjv9jinig9pO8j22W-fY27rMie8KP-jg157peTncv4MaR_3WaAinSQAhSo9QTKFiZRROK50KZKCsdNZaK-cVOY_CAVkL3ngCVIm9Pxo9OBc:1oX0Ec:2cinG6HdfOjrm-WchG_0qO7zODj8kqlltWilfFkHb5E','2022-09-24 13:09:22.719489');
insert  into `django_session`(`session_key`,`session_data`,`expire_date`) values ('m4xd58d3ssdvl0uzlt38st01qc8xnu1z','.eJxVjMsOwiAUBf-FtSHcFgK4dO83kPugUjWQlHZl_Hdt0oVuz8ycl0q4rSVtPS9pFnVWMKjT70jIj1x3Inest6a51XWZSe-KPmjX1yb5eTncv4OCvXxrCxAsCCJx9tNkgpUQxImLBixbT-gZYg4wRjNG9gLivCcgZyK5OKj3BwZ-N6s:1oVt28:zWHmM-iBhTMgP5JXSYI0JTiOnyu6gBu4krYH0ORjIAQ','2022-09-21 11:15:52.662246');
insert  into `django_session`(`session_key`,`session_data`,`expire_date`) values ('m798xefjbhccbw6f6kmrmyqu6dlxnsc1','.eJxVjDsOwjAQBe_iGln-xjIlPWewdr1rHECOFCdVxN1JpBTQvpl5m0iwLjWtnec0krgK7cTld0TIL24HoSe0xyTz1JZ5RHko8qRd3ifi9-10_w4q9LrXEVSwFqIJTivLmah4BewiG-tBF-9RYTagUOewazxE681Qoo7IRCQ-XwGvOFU:1oYiHO:LZrSRNP34RhA5Mm_QOEia23Z7gtYFMt6guovTvcw8n0','2022-09-29 06:23:18.983861');
insert  into `django_session`(`session_key`,`session_data`,`expire_date`) values ('m9yoy4z9rixos9ucxz7fm4srol25wf7q','.eJxVjMsOwiAUBf-FtSHcFgK4dO83kPugUjWQlHZl_Hdt0oVuz8ycl0q4rSVtPS9pFnVWMKjT70jIj1x3Inest6a51XWZSe-KPmjX1yb5eTncv4OCvXxrCxAsCCJx9tNkgpUQxImLBixbT-gZYg4wRjNG9gLivCcgZyK5OKj3BwZ-N6s:1oXyZc:4yZu6b3hBsFjRB6NWB7cpcMtVfLsRGtR2EvpPmNj5ow','2022-09-27 05:35:04.791086');
insert  into `django_session`(`session_key`,`session_data`,`expire_date`) values ('mahv2sx4vvikz1t9y3sr1xtdmudo0s1a','.eJxVjMsOwiAUBf-FtSHcFgK4dO83kPugUjWQlHZl_Hdt0oVuz8ycl0q4rSVtPS9pFnVWMKjT70jIj1x3Inest6a51XWZSe-KPmjX1yb5eTncv4OCvXxrCxAsCCJx9tNkgpUQxImLBixbT-gZYg4wRjNG9gLivCcgZyK5OKj3BwZ-N6s:1oWDB6:2aU8tt3Vc98a6yQnfYIih0eyPV8CID4AZ95tKJZoVmM','2022-09-22 08:46:28.136220');
insert  into `django_session`(`session_key`,`session_data`,`expire_date`) values ('moqitnck9mtjnl1gkv6vbyank878ta44','.eJxVjMsOwiAUBf-FtSHcFgK4dO83kPugUjWQlHZl_Hdt0oVuz8ycl0q4rSVtPS9pFnVWMKjT70jIj1x3Inest6a51XWZSe-KPmjX1yb5eTncv4OCvXxrCxAsCCJx9tNkgpUQxImLBixbT-gZYg4wRjNG9gLivCcgZyK5OKj3BwZ-N6s:1oVvj8:65rR145RQ24pkYVfU6iRBobuOVBkXN-TflKHZDd4680','2022-09-21 14:08:26.015491');
insert  into `django_session`(`session_key`,`session_data`,`expire_date`) values ('mr4x0y5kdezjz420xkpjuy7dqjjrsojz','.eJxVjMEOwiAQBf-FsyHAQgGP3v0GAssiVQNJaU_Gf9cmPej1zcx7sRC3tYZt0BLmzM5MAjv9jinig9pO8j22W-fY27rMie8KP-jg157peTncv4MaR_3WaAinSQAhSo9QTKFiZRROK50KZKCsdNZaK-cVOY_CAVkL3ngCVIm9Pxo9OBc:1oVpym:ImAFyTeA5eOpZxagpOQrzkNlqtEmNbNOQo4rSNFxtmQ','2022-09-21 08:00:12.212749');
insert  into `django_session`(`session_key`,`session_data`,`expire_date`) values ('mvt528j7l0q7rvvodm9ztwha7ykn6m49','.eJxVjMsOwiAUBf-FtSHcFgK4dO83kPugUjWQlHZl_Hdt0oVuz8ycl0q4rSVtPS9pFnVWMKjT70jIj1x3Inest6a51XWZSe-KPmjX1yb5eTncv4OCvXxrCxAsCCJx9tNkgpUQxImLBixbT-gZYg4wRjNG9gLivCcgZyK5OKj3BwZ-N6s:1oVSJQ:7CJue9nUJk8fovkCoat1AGf7RBQoBGsuVbCQE18kKJQ','2022-09-20 06:43:56.642070');
insert  into `django_session`(`session_key`,`session_data`,`expire_date`) values ('mwhy3hb0codwjwr2ihfqxpcfed83px4b','.eJxVjMsOwiAUBf-FtSHcFgK4dO83kPugUjWQlHZl_Hdt0oVuz8ycl0q4rSVtPS9pFnVWMKjT70jIj1x3Inest6a51XWZSe-KPmjX1yb5eTncv4OCvXxrCxAsCCJx9tNkgpUQxImLBixbT-gZYg4wRjNG9gLivCcgZyK5OKj3BwZ-N6s:1oVAsr:jMt3ItgBYBKNp7-q1neXHjWU0gfiZ3W8fOGLXzy2eUo','2022-09-19 12:07:21.590606');
insert  into `django_session`(`session_key`,`session_data`,`expire_date`) values ('my733eeu0qf377c0kenp7dtljnp2tx2f','.eJxVjMsOwiAUBf-FtSHcFgK4dO83kPugUjWQlHZl_Hdt0oVuz8ycl0q4rSVtPS9pFnVWMKjT70jIj1x3Inest6a51XWZSe-KPmjX1yb5eTncv4OCvXxrCxAsCCJx9tNkgpUQxImLBixbT-gZYg4wRjNG9gLivCcgZyK5OKj3BwZ-N6s:1oVmDC:p_ZY_YXVAQBBCLqRhj2yp4oR0jxHLnz75JOjExJgns8','2022-09-21 03:58:50.443650');
insert  into `django_session`(`session_key`,`session_data`,`expire_date`) values ('mz9h7vu9stfo2od2a8nd9ivoz7a36dvx','.eJxVjMsOwiAUBf-FtSHcFgK4dO83kPugUjWQlHZl_Hdt0oVuz8ycl0q4rSVtPS9pFnVWMKjT70jIj1x3Inest6a51XWZSe-KPmjX1yb5eTncv4OCvXxrCxAsCCJx9tNkgpUQxImLBixbT-gZYg4wRjNG9gLivCcgZyK5OKj3BwZ-N6s:1oVm4i:KE76zhwFe8_x_1nPMUtWcmVIt7VDch0L6tAMh8DmJ6A','2022-09-21 03:50:04.085476');
insert  into `django_session`(`session_key`,`session_data`,`expire_date`) values ('n2ptmpnnbp54vqmn57g8tq3v5x3kqp7t','.eJxVjMsOwiAUBf-FtSHcFgK4dO83kPugUjWQlHZl_Hdt0oVuz8ycl0q4rSVtPS9pFnVWMKjT70jIj1x3Inest6a51XWZSe-KPmjX1yb5eTncv4OCvXxrCxAsCCJx9tNkgpUQxImLBixbT-gZYg4wRjNG9gLivCcgZyK5OKj3BwZ-N6s:1oVoFU:TGw-dyQ9kIrvewCJDVAyXuBX7BfiPxdOK0lxVgLrZ4o','2022-09-21 06:09:20.015019');
insert  into `django_session`(`session_key`,`session_data`,`expire_date`) values ('n8bz4o7c980nsllowiy68z07noh5uwja','.eJxVjMsOwiAUBf-FtSHcFgK4dO83kPugUjWQlHZl_Hdt0oVuz8ycl0q4rSVtPS9pFnVWMKjT70jIj1x3Inest6a51XWZSe-KPmjX1yb5eTncv4OCvXxrCxAsCCJx9tNkgpUQxImLBixbT-gZYg4wRjNG9gLivCcgZyK5OKj3BwZ-N6s:1oWDMY:44Yzt9bMu8NogcSoDm5rV6LNiUs_GNiPm-wTaihr6iU','2022-09-22 08:58:18.815244');
insert  into `django_session`(`session_key`,`session_data`,`expire_date`) values ('n95fpyyk4glkggvqsravy7w20hq3n2os','.eJxVjMsOwiAUBf-FtSHcFgK4dO83kPugUjWQlHZl_Hdt0oVuz8ycl0q4rSVtPS9pFnVWMKjT70jIj1x3Inest6a51XWZSe-KPmjX1yb5eTncv4OCvXxrCxAsCCJx9tNkgpUQxImLBixbT-gZYg4wRjNG9gLivCcgZyK5OKj3BwZ-N6s:1oVlim:ZrzXpe40o-QEOLiops7s1CLtzxNWR4ApSYXKzjLY-hY','2022-09-21 03:27:24.959661');
insert  into `django_session`(`session_key`,`session_data`,`expire_date`) values ('n9ndvpdz995nwcoz53ipfy98irky07pt','.eJxVjMEOwiAQBf-FsyHAQgGP3v0GAssiVQNJaU_Gf9cmPej1zcx7sRC3tYZt0BLmzM5MAjv9jinig9pO8j22W-fY27rMie8KP-jg157peTncv4MaR_3WaAinSQAhSo9QTKFiZRROK50KZKCsdNZaK-cVOY_CAVkL3ngCVIm9Pxo9OBc:1oVxzq:pBa8fdAWcHdzZ9GrY2hl02tzNp1md0ScxYepAcDeIzw','2022-09-21 16:33:50.427097');
insert  into `django_session`(`session_key`,`session_data`,`expire_date`) values ('nchpmbv2onw3zswxisqmeydln8jl6z0o','.eJxVjMEOwiAQBf-FsyHAQgGP3v0GAssiVQNJaU_Gf9cmPej1zcx7sRC3tYZt0BLmzM5MAjv9jinig9pO8j22W-fY27rMie8KP-jg157peTncv4MaR_3WaAinSQAhSo9QTKFiZRROK50KZKCsdNZaK-cVOY_CAVkL3ngCVIm9Pxo9OBc:1oWJ9p:JYhPp6QNWfbgcQy96xfPCs3s94fXxfVcOA5GObIHTkA','2022-09-22 15:09:33.700518');
insert  into `django_session`(`session_key`,`session_data`,`expire_date`) values ('ncvr1j9nzth0wobdzc37v0217edsejhw','.eJxVjMsOwiAUBf-FtSHcFgK4dO83kPugUjWQlHZl_Hdt0oVuz8ycl0q4rSVtPS9pFnVWMKjT70jIj1x3Inest6a51XWZSe-KPmjX1yb5eTncv4OCvXxrCxAsCCJx9tNkgpUQxImLBixbT-gZYg4wRjNG9gLivCcgZyK5OKj3BwZ-N6s:1oY1KW:FGJfCkchCEgFOHzKFJTsCda760doIVwgZiBSmk4MEo4','2022-09-27 08:31:40.460164');
insert  into `django_session`(`session_key`,`session_data`,`expire_date`) values ('nfrwc470ga2if9f05lekh7tu9aflpo84','.eJxVjMsOwiAUBf-FtSHcFgK4dO83kPugUjWQlHZl_Hdt0oVuz8ycl0q4rSVtPS9pFnVWMKjT70jIj1x3Inest6a51XWZSe-KPmjX1yb5eTncv4OCvXxrCxAsCCJx9tNkgpUQxImLBixbT-gZYg4wRjNG9gLivCcgZyK5OKj3BwZ-N6s:1oVbIV:Vh9uAPZCJnSEJGFUWTayRJuHEANWzIOAKERtIicwcoM','2022-09-20 16:19:35.216265');
insert  into `django_session`(`session_key`,`session_data`,`expire_date`) values ('nmhzp2rtht336wrtue00ibxa01b5j67i','.eJxVjMEOwiAQBf-FsyHAQgGP3v0GAssiVQNJaU_Gf9cmPej1zcx7sRC3tYZt0BLmzM5MAjv9jinig9pO8j22W-fY27rMie8KP-jg157peTncv4MaR_3WaAinSQAhSo9QTKFiZRROK50KZKCsdNZaK-cVOY_CAVkL3ngCVIm9Pxo9OBc:1oXdan:gGpxwTFj6ODf22j6UU1yvwAcyM46Ew3K4e-4KkGLsKc','2022-09-26 07:10:53.156165');
insert  into `django_session`(`session_key`,`session_data`,`expire_date`) values ('nn3nwpfy8mp2n6hrrsmdm7rwkdsh35wg','.eJxVjMsOwiAUBf-FtSHcFgK4dO83kPugUjWQlHZl_Hdt0oVuz8ycl0q4rSVtPS9pFnVWMKjT70jIj1x3Inest6a51XWZSe-KPmjX1yb5eTncv4OCvXxrCxAsCCJx9tNkgpUQxImLBixbT-gZYg4wRjNG9gLivCcgZyK5OKj3BwZ-N6s:1oVnif:QF24XrPVqmx0gz69m43rMHQAQR7bZYiM8TCNa-jAwH8','2022-09-21 05:35:25.380474');
insert  into `django_session`(`session_key`,`session_data`,`expire_date`) values ('nq1npx3zbmg5dy29rkimo3lgx9gc4tvx','.eJxVjMsOwiAUBf-FtSHcFgK4dO83kPugUjWQlHZl_Hdt0oVuz8ycl0q4rSVtPS9pFnVWMKjT70jIj1x3Inest6a51XWZSe-KPmjX1yb5eTncv4OCvXxrCxAsCCJx9tNkgpUQxImLBixbT-gZYg4wRjNG9gLivCcgZyK5OKj3BwZ-N6s:1oY6qo:3HpWupWxHZd9THxPJ1v235bsf6MWbnpt_54AA8u_yFc','2022-09-27 14:25:22.444270');
insert  into `django_session`(`session_key`,`session_data`,`expire_date`) values ('nqzzxlu4nxu7nwaqjret2z60x68jvpl2','.eJxVjDsOwjAQBe_iGlnr2HFiSvqcwVrvbnAA2VI-FeLuJFIKaGfmvbeKuK05bovMcWJ1Vcaoyy9MSE8ph-EHlnvVVMs6T0kfiT7toofK8rqd7d9BxiXva48i1EIPxgbsyXOLvvMpdATskmXvqEEQxwCJCNvGYkgG_I7CKGNQny8SSTiA:1oV7fa:f-CAsVTAxeBLwVp5JeXtRsEkivQ5U-i3hP5i3q9pjUQ','2022-09-19 08:41:26.549764');
insert  into `django_session`(`session_key`,`session_data`,`expire_date`) values ('nsiw7sbke09fddbptu0smmwa48n94j44','.eJxVjMsOwiAUBf-FtSHcFgK4dO83kPugUjWQlHZl_Hdt0oVuz8ycl0q4rSVtPS9pFnVWMKjT70jIj1x3Inest6a51XWZSe-KPmjX1yb5eTncv4OCvXxrCxAsCCJx9tNkgpUQxImLBixbT-gZYg4wRjNG9gLivCcgZyK5OKj3BwZ-N6s:1oVc97:AkmwRC-bRW8GKSxL3KmgWVW-nc44oSjJkrKgxtOpcME','2022-09-20 17:13:57.165417');
insert  into `django_session`(`session_key`,`session_data`,`expire_date`) values ('nwc2jp2yublam18aeo8pavis6emhrn3z','.eJxVjMsOwiAUBf-FtSHcFgK4dO83kPugUjWQlHZl_Hdt0oVuz8ycl0q4rSVtPS9pFnVWMKjT70jIj1x3Inest6a51XWZSe-KPmjX1yb5eTncv4OCvXxrCxAsCCJx9tNkgpUQxImLBixbT-gZYg4wRjNG9gLivCcgZyK5OKj3BwZ-N6s:1oVRiZ:QQVxNn2Oc2NGb85Eg2GzzkcZ5OBcmIn5vVEQprH4WMo','2022-09-20 06:05:51.866817');
insert  into `django_session`(`session_key`,`session_data`,`expire_date`) values ('nxy00bu9xx685h5ysigao9aojwm98qq3','.eJxVjMsOwiAUBf-FtSHcFgK4dO83kPugUjWQlHZl_Hdt0oVuz8ycl0q4rSVtPS9pFnVWMKjT70jIj1x3Inest6a51XWZSe-KPmjX1yb5eTncv4OCvXxrCxAsCCJx9tNkgpUQxImLBixbT-gZYg4wRjNG9gLivCcgZyK5OKj3BwZ-N6s:1oVPpO:k6WYgJFxw50QopyB6xH3j1znlubVfxZ7CEGrPKOsMeU','2022-09-20 04:04:46.399882');
insert  into `django_session`(`session_key`,`session_data`,`expire_date`) values ('nzx8o7p1vaegxxucqmezffaxgw0dgm4m','.eJxVjMsOwiAUBf-FtSHcFgK4dO83kPugUjWQlHZl_Hdt0oVuz8ycl0q4rSVtPS9pFnVWMKjT70jIj1x3Inest6a51XWZSe-KPmjX1yb5eTncv4OCvXxrCxAsCCJx9tNkgpUQxImLBixbT-gZYg4wRjNG9gLivCcgZyK5OKj3BwZ-N6s:1oY6mV:ux7OB2wh6iYL94oHWuvzHdqQcqGXrm8Bum75_PxvVpM','2022-09-27 14:20:55.716306');
insert  into `django_session`(`session_key`,`session_data`,`expire_date`) values ('o1cilinj80lc8orz8nsgqs27o2vpimnp','.eJxVjMsOwiAUBf-FtSHcFgK4dO83kPugUjWQlHZl_Hdt0oVuz8ycl0q4rSVtPS9pFnVWMKjT70jIj1x3Inest6a51XWZSe-KPmjX1yb5eTncv4OCvXxrCxAsCCJx9tNkgpUQxImLBixbT-gZYg4wRjNG9gLivCcgZyK5OKj3BwZ-N6s:1oWI7U:XwsR7W0SdpoGWOStE6EzqZr2SJPEwLYPbepdR_nW4Mw','2022-09-22 14:03:04.695599');
insert  into `django_session`(`session_key`,`session_data`,`expire_date`) values ('o31ua5b3ekftd8l1v3fhkzr89i6c53jw','.eJxVjMsOwiAUBf-FtSHcFgK4dO83kPugUjWQlHZl_Hdt0oVuz8ycl0q4rSVtPS9pFnVWMKjT70jIj1x3Inest6a51XWZSe-KPmjX1yb5eTncv4OCvXxrCxAsCCJx9tNkgpUQxImLBixbT-gZYg4wRjNG9gLivCcgZyK5OKj3BwZ-N6s:1oVa56:7J6j9NZCpH7Gifk3jXulmN85yTCGMQM_DFj6k57AA8w','2022-09-20 15:01:40.898269');
insert  into `django_session`(`session_key`,`session_data`,`expire_date`) values ('o5xa9pepqtqg1ey2dh4epk3by3ca8rtm','.eJxVjMsOwiAUBf-FtSHcFgK4dO83kPugUjWQlHZl_Hdt0oVuz8ycl0q4rSVtPS9pFnVWMKjT70jIj1x3Inest6a51XWZSe-KPmjX1yb5eTncv4OCvXxrCxAsCCJx9tNkgpUQxImLBixbT-gZYg4wRjNG9gLivCcgZyK5OKj3BwZ-N6s:1oVS02:av5IuQCZlwfT6lw9V7EbjtIg4QLQuPOiXLzZZd8u8sY','2022-09-20 06:23:54.748847');
insert  into `django_session`(`session_key`,`session_data`,`expire_date`) values ('o6emr458qfgx7f3m3dwecu4w35ngmqjf','.eJxVjMsOwiAUBf-FtSHcFgK4dO83kPugUjWQlHZl_Hdt0oVuz8ycl0q4rSVtPS9pFnVWMKjT70jIj1x3Inest6a51XWZSe-KPmjX1yb5eTncv4OCvXxrCxAsCCJx9tNkgpUQxImLBixbT-gZYg4wRjNG9gLivCcgZyK5OKj3BwZ-N6s:1oWCbn:jSJX5NDjcQ6Z9PFlc2OO2TVvpuOoxUwtWfAdHIG4a10','2022-09-22 08:09:59.862537');
insert  into `django_session`(`session_key`,`session_data`,`expire_date`) values ('o6o2aw4xm42zsdaa2l2tnmiol3yj8rcb','.eJxVjMsOwiAUBf-FtSHcFgK4dO83kPugUjWQlHZl_Hdt0oVuz8ycl0q4rSVtPS9pFnVWMKjT70jIj1x3Inest6a51XWZSe-KPmjX1yb5eTncv4OCvXxrCxAsCCJx9tNkgpUQxImLBixbT-gZYg4wRjNG9gLivCcgZyK5OKj3BwZ-N6s:1oVEHa:_SP3xTW3D0LQrORVFUJiUvjQb5BJbJtCvjcubaj_9wU','2022-09-19 15:45:06.529708');
insert  into `django_session`(`session_key`,`session_data`,`expire_date`) values ('o6sy39oh8tvq2492uoccueb49cnf1z4g','.eJxVjMsOwiAUBf-FtSHcFgK4dO83kPugUjWQlHZl_Hdt0oVuz8ycl0q4rSVtPS9pFnVWMKjT70jIj1x3Inest6a51XWZSe-KPmjX1yb5eTncv4OCvXxrCxAsCCJx9tNkgpUQxImLBixbT-gZYg4wRjNG9gLivCcgZyK5OKj3BwZ-N6s:1oVvmg:r21qVQCUM8hqxNCd0BaWgzVrM1oZdys2FmkTGw0kVww','2022-09-21 14:12:06.298283');
insert  into `django_session`(`session_key`,`session_data`,`expire_date`) values ('obrb2rnqcdclsf207exo9ir7wufsi9cq','.eJxVjDsOwjAQBe_iGllrO_5R0nMGa71r4wBypHwqxN0hUgpo38y8l0i4rS1tS5nTyOIslBWn3zEjPUrfCd-x3yZJU1_nMctdkQdd5HXi8rwc7t9Bw6V9awJvDEUL7HSgECuBrhBVCAxcjCnWVfRIgIMytmodEQdiCM5mbZQX7w_5xzeb:1oYKee:ZjYBayx90LHQ07P2pQTZ_l45dRtKaRfht-WLL6DbhdE','2022-09-28 05:09:44.051539');
insert  into `django_session`(`session_key`,`session_data`,`expire_date`) values ('ocygjwq0lmi6buu0wotgepckgo0n34y8','.eJxVjDsOwjAQBe_iGln-xjIlPWewdr1rHECOFCdVxN1JpBTQvpl5m0iwLjWtnec0krgK7cTld0TIL24HoSe0xyTz1JZ5RHko8qRd3ifi9-10_w4q9LrXEVSwFqIJTivLmah4BewiG-tBF-9RYTagUOewazxE681Qoo7IRCQ-XwGvOFU:1oXj0H:YnMmKoCXN7_QHH_nYevudRXWlSVEy1PtyYRkSuP78M8','2022-09-26 12:57:33.715459');
insert  into `django_session`(`session_key`,`session_data`,`expire_date`) values ('oea393ow3c92qzlm1hr2cean25dzg9lc','.eJxVjMsOwiAUBf-FtSHcFgK4dO83kPugUjWQlHZl_Hdt0oVuz8ycl0q4rSVtPS9pFnVWMKjT70jIj1x3Inest6a51XWZSe-KPmjX1yb5eTncv4OCvXxrCxAsCCJx9tNkgpUQxImLBixbT-gZYg4wRjNG9gLivCcgZyK5OKj3BwZ-N6s:1oY0uL:s7LDkXco8T1ierkTCJ9SUQvTcevLfeVLPhpMKeyboUE','2022-09-27 08:04:37.614749');
insert  into `django_session`(`session_key`,`session_data`,`expire_date`) values ('ogopg7cn9kvnj5wfsn2ujxzeno2oz916','.eJxVjMEOwiAQBf-FsyHAQgGP3v0GAssiVQNJaU_Gf9cmPej1zcx7sRC3tYZt0BLmzM5MAjv9jinig9pO8j22W-fY27rMie8KP-jg157peTncv4MaR_3WaAinSQAhSo9QTKFiZRROK50KZKCsdNZaK-cVOY_CAVkL3ngCVIm9Pxo9OBc:1oVphg:2DGHxqsS0515gF3W0B05-QJV2fEJClbPJAStxHSNbP0','2022-09-21 07:42:32.657248');
insert  into `django_session`(`session_key`,`session_data`,`expire_date`) values ('okui7z6ioaxn85ntp5l0tz6twct4nnwh','.eJxVjMsOwiAUBf-FtSHcFgK4dO83kPugUjWQlHZl_Hdt0oVuz8ycl0q4rSVtPS9pFnVWMKjT70jIj1x3Inest6a51XWZSe-KPmjX1yb5eTncv4OCvXxrCxAsCCJx9tNkgpUQxImLBixbT-gZYg4wRjNG9gLivCcgZyK5OKj3BwZ-N6s:1oVTD4:zjeyJ-j_BXRFUJ01HpAbUwnjJ_DwOmW2v8P30HEVYxA','2022-09-20 07:41:26.370893');
insert  into `django_session`(`session_key`,`session_data`,`expire_date`) values ('oogqe0ksmazkkfjqbbivwk3rhudykuhu','.eJxVjMsOwiAUBf-FtSHcFgK4dO83kPugUjWQlHZl_Hdt0oVuz8ycl0q4rSVtPS9pFnVWMKjT70jIj1x3Inest6a51XWZSe-KPmjX1yb5eTncv4OCvXxrCxAsCCJx9tNkgpUQxImLBixbT-gZYg4wRjNG9gLivCcgZyK5OKj3BwZ-N6s:1oVVHF:MY-J2knIWfWQ1z99zZXtQKsqRoF-7RqFv2egw8MH36o','2022-09-20 09:53:53.644757');
insert  into `django_session`(`session_key`,`session_data`,`expire_date`) values ('oohaprjeladrbvn4tktmzq1nos36qirw','.eJxVjMsOwiAUBf-FtSHcFgK4dO83kPugUjWQlHZl_Hdt0oVuz8ycl0q4rSVtPS9pFnVWMKjT70jIj1x3Inest6a51XWZSe-KPmjX1yb5eTncv4OCvXxrCxAsCCJx9tNkgpUQxImLBixbT-gZYg4wRjNG9gLivCcgZyK5OKj3BwZ-N6s:1oVBvN:ByRL1ihPDIUwbs9ZvCsMC_VPH_kvYSB6Nb79IDUXNHY','2022-09-19 13:14:01.445725');
insert  into `django_session`(`session_key`,`session_data`,`expire_date`) values ('oom149sovqk3dh3nyil3o50lm0eaqfda','.eJxVjMsOwiAUBf-FtSHcFgK4dO83kPugUjWQlHZl_Hdt0oVuz8ycl0q4rSVtPS9pFnVWMKjT70jIj1x3Inest6a51XWZSe-KPmjX1yb5eTncv4OCvXxrCxAsCCJx9tNkgpUQxImLBixbT-gZYg4wRjNG9gLivCcgZyK5OKj3BwZ-N6s:1oWIYK:cIgakWdBJ8iCXxK02CirT9zsUkuf8-oq6qhhUbkIIBI','2022-09-22 14:30:48.449278');
insert  into `django_session`(`session_key`,`session_data`,`expire_date`) values ('opyjc4w1ww164x9db8zhaxe1ylmmvrz3','.eJxVjDsOwjAQBe_iGln-xjIlPWewdr1rHECOFCdVxN1JpBTQvpl5m0iwLjWtnec0krgK7cTld0TIL24HoSe0xyTz1JZ5RHko8qRd3ifi9-10_w4q9LrXEVSwFqIJTivLmah4BewiG-tBF-9RYTagUOewazxE681Qoo7IRCQ-XwGvOFU:1oYKv6:H2sCz54eCTU1iFMUN_kMmS1evvM6ahyYLoJU7F_C4UA','2022-09-28 05:26:44.860259');
insert  into `django_session`(`session_key`,`session_data`,`expire_date`) values ('owxwxhq94t4c7it7arleqsnrryn129ig','.eJxVjMsOwiAUBf-FtSHcFgK4dO83kPugUjWQlHZl_Hdt0oVuz8ycl0q4rSVtPS9pFnVWMKjT70jIj1x3Inest6a51XWZSe-KPmjX1yb5eTncv4OCvXxrCxAsCCJx9tNkgpUQxImLBixbT-gZYg4wRjNG9gLivCcgZyK5OKj3BwZ-N6s:1oVbg5:aRdlwr-1fdLAzHHD7KCJuo4rguIOiavBXN2k_PWc6EI','2022-09-20 16:43:57.169567');
insert  into `django_session`(`session_key`,`session_data`,`expire_date`) values ('p6d7x5h27gkyh89f488f3z9m6orshraa','.eJxVjMEOwiAQBf-FsyHAQgGP3v0GAssiVQNJaU_Gf9cmPej1zcx7sRC3tYZt0BLmzM5MAjv9jinig9pO8j22W-fY27rMie8KP-jg157peTncv4MaR_3WaAinSQAhSo9QTKFiZRROK50KZKCsdNZaK-cVOY_CAVkL3ngCVIm9Pxo9OBc:1oWb3x:kffRtbrRc5Kpui3NX8RgUCHQTvlz1QOX1l4lnE2DnAM','2022-09-23 10:16:41.460174');
insert  into `django_session`(`session_key`,`session_data`,`expire_date`) values ('p9w3upgzyjptk40v411vbsr36lq7i9zd','.eJxVjMsOwiAUBf-FtSHcFgK4dO83kPugUjWQlHZl_Hdt0oVuz8ycl0q4rSVtPS9pFnVWMKjT70jIj1x3Inest6a51XWZSe-KPmjX1yb5eTncv4OCvXxrCxAsCCJx9tNkgpUQxImLBixbT-gZYg4wRjNG9gLivCcgZyK5OKj3BwZ-N6s:1oVmVi:K-BnP4FeudnOMsfLznAg9cOIVCubC7hJenQMk28kths','2022-09-21 04:17:58.415037');
insert  into `django_session`(`session_key`,`session_data`,`expire_date`) values ('pava510x4l3mnq83a67wecxdd10k9j3a','.eJxVjMsOwiAUBf-FtSHcFgK4dO83kPugUjWQlHZl_Hdt0oVuz8ycl0q4rSVtPS9pFnVWMKjT70jIj1x3Inest6a51XWZSe-KPmjX1yb5eTncv4OCvXxrCxAsCCJx9tNkgpUQxImLBixbT-gZYg4wRjNG9gLivCcgZyK5OKj3BwZ-N6s:1oXcTW:2tQ5dbVHfoStXhiumtGtDWTMbmSaxwxN3adwALien_4','2022-09-26 05:59:18.555823');
insert  into `django_session`(`session_key`,`session_data`,`expire_date`) values ('pf8t71p7rzzyxoqvw9ly452mtxuiqmd2','.eJxVjMsOwiAUBf-FtSHcFgK4dO83kPugUjWQlHZl_Hdt0oVuz8ycl0q4rSVtPS9pFnVWMKjT70jIj1x3Inest6a51XWZSe-KPmjX1yb5eTncv4OCvXxrCxAsCCJx9tNkgpUQxImLBixbT-gZYg4wRjNG9gLivCcgZyK5OKj3BwZ-N6s:1oVvO3:qBus0SE6Y5yVMtvnd9muPBq_f89G9ZvTvsV-rIRInOM','2022-09-21 13:46:39.613274');
insert  into `django_session`(`session_key`,`session_data`,`expire_date`) values ('phnhvoj9ssjj2z3tmnft63bbd20xx268','.eJxVjMsOwiAUBf-FtSHcFgK4dO83kPugUjWQlHZl_Hdt0oVuz8ycl0q4rSVtPS9pFnVWMKjT70jIj1x3Inest6a51XWZSe-KPmjX1yb5eTncv4OCvXxrCxAsCCJx9tNkgpUQxImLBixbT-gZYg4wRjNG9gLivCcgZyK5OKj3BwZ-N6s:1oXLvp:YTSqwhhC7fvi5EF6DKyZ_suHjwgRy7brGMo0Tsuzfa4','2022-09-25 12:19:25.326257');
insert  into `django_session`(`session_key`,`session_data`,`expire_date`) values ('pmyier3iodga256q1ovpnsy3lbhicpyq','.eJxVjMsOwiAUBf-FtSHcFgK4dO83kPugUjWQlHZl_Hdt0oVuz8ycl0q4rSVtPS9pFnVWMKjT70jIj1x3Inest6a51XWZSe-KPmjX1yb5eTncv4OCvXxrCxAsCCJx9tNkgpUQxImLBixbT-gZYg4wRjNG9gLivCcgZyK5OKj3BwZ-N6s:1oXydj:CfVBN6rU_LTskznoJYGm4od4A3dl9rrhpsl2ckfRup8','2022-09-27 05:39:19.991269');
insert  into `django_session`(`session_key`,`session_data`,`expire_date`) values ('pqhuwwat1uc60bafw8ytdo1yiafi5avv','.eJxVjMsOwiAUBf-FtSHcFgK4dO83kPugUjWQlHZl_Hdt0oVuz8ycl0q4rSVtPS9pFnVWMKjT70jIj1x3Inest6a51XWZSe-KPmjX1yb5eTncv4OCvXxrCxAsCCJx9tNkgpUQxImLBixbT-gZYg4wRjNG9gLivCcgZyK5OKj3BwZ-N6s:1oVvaW:SHIfNlrrxyT_GP8SJHIFoZ8AuARmDGcGL52tyHtC2ZE','2022-09-21 13:59:32.004639');
insert  into `django_session`(`session_key`,`session_data`,`expire_date`) values ('ps8j3mgw7jjo2149l8xk9uc1dwdniuv3','.eJxVjMsOwiAUBf-FtSHcFgK4dO83kPugUjWQlHZl_Hdt0oVuz8ycl0q4rSVtPS9pFnVWMKjT70jIj1x3Inest6a51XWZSe-KPmjX1yb5eTncv4OCvXxrCxAsCCJx9tNkgpUQxImLBixbT-gZYg4wRjNG9gLivCcgZyK5OKj3BwZ-N6s:1oVxBD:WrOOvP9bGS-uV3MRXDM0WizsNYToY_7re_Xg0IAq1OY','2022-09-21 15:41:31.540363');
insert  into `django_session`(`session_key`,`session_data`,`expire_date`) values ('pw303xeutht7nc62vvq0wbtbrbuie0r1','.eJxVjMEOwiAQBf-FsyHAQgGP3v0GAssiVQNJaU_Gf9cmPej1zcx7sRC3tYZt0BLmzM5MAjv9jinig9pO8j22W-fY27rMie8KP-jg157peTncv4MaR_3WaAinSQAhSo9QTKFiZRROK50KZKCsdNZaK-cVOY_CAVkL3ngCVIm9Pxo9OBc:1oW7ja:lVoGtds_CZYfp4KjCu9TBTt1H34JaCGdzodDbLcYoUA','2022-09-22 02:57:42.316281');
insert  into `django_session`(`session_key`,`session_data`,`expire_date`) values ('q2bdtzdmlw9ll437zurzjxioqrdtueuj','.eJxVjEsOAiEQBe_C2hAQ6AaX7ucMhIbGGTWQzGdlvLtOMgvdvqp6LxHTto5xW3iOUxEX4cTpd6OUH9x2UO6p3brMva3zRHJX5EEXOfTCz-vh_h2MaRm_dSBQwJjd2WElNkFhVZ5Yk1dg0ADVErQrqIFCZVQmEBXnmRCsBSveH9wJN5Q:1oTGT7:fHNpetJcYP5qCLRMx7iGSncy13FfXAM-yNb5bXzwlDk','2022-09-14 05:40:53.996002');
insert  into `django_session`(`session_key`,`session_data`,`expire_date`) values ('q3mjrkdi4tw7bxgn40sphty2bo6u26r8','.eJxVjMEOwiAQBf-FsyHAQgGP3v0GAssiVQNJaU_Gf9cmPej1zcx7sRC3tYZt0BLmzM5MAjv9jinig9pO8j22W-fY27rMie8KP-jg157peTncv4MaR_3WaAinSQAhSo9QTKFiZRROK50KZKCsdNZaK-cVOY_CAVkL3ngCVIm9Pxo9OBc:1oYM6b:8yYoz6aen794X9DIUDRAGjmiAJTlYo5Tc5Y5h_MuJs4','2022-09-28 06:42:41.689724');
insert  into `django_session`(`session_key`,`session_data`,`expire_date`) values ('q65kqofszud71hxwg4ch8wrf4bjao43x','.eJxVjMEOwiAQBf-FsyHAQgGP3v0GAssiVQNJaU_Gf9cmPej1zcx7sRC3tYZt0BLmzM5MAjv9jinig9pO8j22W-fY27rMie8KP-jg157peTncv4MaR_3WaAinSQAhSo9QTKFiZRROK50KZKCsdNZaK-cVOY_CAVkL3ngCVIm9Pxo9OBc:1oXLcU:tSJR3aRzIFpfFwhy2ZLoNBcx_pzjWlypUMnoNG-3ZL0','2022-09-25 11:59:26.198851');
insert  into `django_session`(`session_key`,`session_data`,`expire_date`) values ('q6h33v14ocybfrltd8a21w6nucwt1orv','.eJxVjMEOwiAQBf-FsyHAQgGP3v0GAssiVQNJaU_Gf9cmPej1zcx7sRC3tYZt0BLmzM5MAjv9jinig9pO8j22W-fY27rMie8KP-jg157peTncv4MaR_3WaAinSQAhSo9QTKFiZRROK50KZKCsdNZaK-cVOY_CAVkL3ngCVIm9Pxo9OBc:1oYLDB:oQLLUV9lrNi0LlHEWQMj0qwoaoF4kdjT-UdaqPgevms','2022-09-28 05:45:25.755385');
insert  into `django_session`(`session_key`,`session_data`,`expire_date`) values ('q6z7aic0eghb1kbxamrqijiarjgo072e','.eJxVjDsOwjAQBe_iGln-xjIlPWewdr1rHECOFCdVxN1JpBTQvpl5m0iwLjWtnec0krgK7cTld0TIL24HoSe0xyTz1JZ5RHko8qRd3ifi9-10_w4q9LrXEVSwFqIJTivLmah4BewiG-tBF-9RYTagUOewazxE681Qoo7IRCQ-XwGvOFU:1oXfU4:L0L1WwnMu4E_PNhQatjfZvFeq-ly45OwLFfbhCddV54','2022-09-26 09:12:04.724221');
insert  into `django_session`(`session_key`,`session_data`,`expire_date`) values ('q850x7q5hv4zupig3wfwmnfb1e1bvlo0','.eJxVjDsOwjAQBe_iGln-xjIlPWewdr1rHECOFCdVxN1JpBTQvpl5m0iwLjWtnec0krgK7cTld0TIL24HoSe0xyTz1JZ5RHko8qRd3ifi9-10_w4q9LrXEVSwFqIJTivLmah4BewiG-tBF-9RYTagUOewazxE681Qoo7IRCQ-XwGvOFU:1oXLDj:BVdto7jjWacxaRGHlbgn-NXNhA8XVX8FI-7evRgedYg','2022-09-25 11:33:51.473812');
insert  into `django_session`(`session_key`,`session_data`,`expire_date`) values ('qaexdnb1hh20n3xf9bdqby3ohc1miimv','.eJxVjMEOwiAQBf-FsyHAQgGP3v0GAssiVQNJaU_Gf9cmPej1zcx7sRC3tYZt0BLmzM5MAjv9jinig9pO8j22W-fY27rMie8KP-jg157peTncv4MaR_3WaAinSQAhSo9QTKFiZRROK50KZKCsdNZaK-cVOY_CAVkL3ngCVIm9Pxo9OBc:1oYmRs:PqoBf8xsb3ixW-RyzUDeUKa47eflwBF8c1EIYsHMg4Q','2022-09-29 10:50:24.352553');
insert  into `django_session`(`session_key`,`session_data`,`expire_date`) values ('qes36m27gmcnplkr64e2d0d9sznm60qm','.eJxVjMsOwiAUBf-FtSHcFgK4dO83kPugUjWQlHZl_Hdt0oVuz8ycl0q4rSVtPS9pFnVWMKjT70jIj1x3Inest6a51XWZSe-KPmjX1yb5eTncv4OCvXxrCxAsCCJx9tNkgpUQxImLBixbT-gZYg4wRjNG9gLivCcgZyK5OKj3BwZ-N6s:1oY19j:L6a9rUqiL665ZWZW1gAZ6eBnG7mA6WFpWDPQnbuTG0c','2022-09-27 08:20:31.118786');
insert  into `django_session`(`session_key`,`session_data`,`expire_date`) values ('qmo7e7ev8t0ugi8vzrgdyfmoe7qsq1pe','.eJxVjEEOwiAQRe_C2hCggQ4u3XsGMswMUjVtUtpV490NSRe6_e-9f6iE-1bT3mRNE6urcuryu2Wkl8wd8BPnx6Jpmbd1yror-qRN3xeW9-10_w4qttprAHIkFg04Fh5sDITBURg9WiJbMGeAAH4wA6PJKMGLKW6MsSADqc8X_l04vQ:1oMM74:M_jMorRazGWuPcEjktToMMrYBEJEwLJkLw7dR_lR9pw','2022-08-26 04:17:34.595750');
insert  into `django_session`(`session_key`,`session_data`,`expire_date`) values ('quk46tz62c4x7tf72xw91a254vauovjc','.eJxVjEsOAiEQBe_C2hAQ6AaX7ucMhIbGGTWQzGdlvLtOMgvdvqp6LxHTto5xW3iOUxEX4cTpd6OUH9x2UO6p3brMva3zRHJX5EEXOfTCz-vh_h2MaRm_dSBQwJjd2WElNkFhVZ5Yk1dg0ADVErQrqIFCZVQmEBXnmRCsBSveH9wJN5Q:1oTGJ9:Ss1m08kVpI0qEglNdV-FGOksQIKZq6ETiYzJE-Xxnwo','2022-09-14 05:30:35.974977');
insert  into `django_session`(`session_key`,`session_data`,`expire_date`) values ('qv89b5oxulzvsf6h945ws3i58lzf5xt5','.eJxVjMsOwiAUBf-FtSHcFgK4dO83kPugUjWQlHZl_Hdt0oVuz8ycl0q4rSVtPS9pFnVWMKjT70jIj1x3Inest6a51XWZSe-KPmjX1yb5eTncv4OCvXxrCxAsCCJx9tNkgpUQxImLBixbT-gZYg4wRjNG9gLivCcgZyK5OKj3BwZ-N6s:1oVx4P:pQinvDWXSNfxmfWDR5q1AmmHaIBBPrTucSc7I0MLZ60','2022-09-21 15:34:29.798782');
insert  into `django_session`(`session_key`,`session_data`,`expire_date`) values ('qw5ivylntnfm6sa1lg0bvvtyindfoef0','.eJxVjMsOwiAUBf-FtSHcFgK4dO83kPugUjWQlHZl_Hdt0oVuz8ycl0q4rSVtPS9pFnVWMKjT70jIj1x3Inest6a51XWZSe-KPmjX1yb5eTncv4OCvXxrCxAsCCJx9tNkgpUQxImLBixbT-gZYg4wRjNG9gLivCcgZyK5OKj3BwZ-N6s:1oVwLj:wtxNgYdRowIJE4CC6TjP9M0_4ioNUyisDjAn34kRYUM','2022-09-21 14:48:19.060160');
insert  into `django_session`(`session_key`,`session_data`,`expire_date`) values ('qz6xo50h9jq5bwj93c7vfp6l0rh1byqq','.eJxVjMsOwiAUBf-FtSHcFgK4dO83kPugUjWQlHZl_Hdt0oVuz8ycl0q4rSVtPS9pFnVWMKjT70jIj1x3Inest6a51XWZSe-KPmjX1yb5eTncv4OCvXxrCxAsCCJx9tNkgpUQxImLBixbT-gZYg4wRjNG9gLivCcgZyK5OKj3BwZ-N6s:1oVT3m:qb3gooa9IIgEsCMMJ0c3g5JySzbv3ffw9PnI8bfdbmc','2022-09-20 07:31:50.701801');
insert  into `django_session`(`session_key`,`session_data`,`expire_date`) values ('r0lrrcgpi7e9qmwe3z703v7vzfp5kzfi','.eJxVjMsOwiAUBf-FtSHcFgK4dO83kPugUjWQlHZl_Hdt0oVuz8ycl0q4rSVtPS9pFnVWMKjT70jIj1x3Inest6a51XWZSe-KPmjX1yb5eTncv4OCvXxrCxAsCCJx9tNkgpUQxImLBixbT-gZYg4wRjNG9gLivCcgZyK5OKj3BwZ-N6s:1oVlgp:eyDDsCafUGb5FjNAbXsC6EUijhmd6Vr6NiOBuvtBpE4','2022-09-21 03:25:23.650214');
insert  into `django_session`(`session_key`,`session_data`,`expire_date`) values ('r19jhismwtj6d3xtbh7k4k4ues6vupqs','.eJxVjMsOwiAUBf-FtSHcFgK4dO83kPugUjWQlHZl_Hdt0oVuz8ycl0q4rSVtPS9pFnVWMKjT70jIj1x3Inest6a51XWZSe-KPmjX1yb5eTncv4OCvXxrCxAsCCJx9tNkgpUQxImLBixbT-gZYg4wRjNG9gLivCcgZyK5OKj3BwZ-N6s:1oY16r:ku43dsnscBVi0mzEYyNQB9Y4kiYy9hQbYpefi4cy-iM','2022-09-27 08:17:33.973309');
insert  into `django_session`(`session_key`,`session_data`,`expire_date`) values ('r1bw1t3zf7av40t70tb55k678mugx3bj','.eJxVjMsOwiAUBf-FtSHcFgK4dO83kPugUjWQlHZl_Hdt0oVuz8ycl0q4rSVtPS9pFnVWMKjT70jIj1x3Inest6a51XWZSe-KPmjX1yb5eTncv4OCvXxrCxAsCCJx9tNkgpUQxImLBixbT-gZYg4wRjNG9gLivCcgZyK5OKj3BwZ-N6s:1oY12K:RrWo5brK2P8xoucgxmC8VVr6dJl2RlwqBLUBLw0xO-0','2022-09-27 08:12:52.058533');
insert  into `django_session`(`session_key`,`session_data`,`expire_date`) values ('r8ipzmt4d506cgkajc6bxfmzgislrvnd','.eJxVjMsOwiAUBf-FtSHcFgK4dO83kPugUjWQlHZl_Hdt0oVuz8ycl0q4rSVtPS9pFnVWMKjT70jIj1x3Inest6a51XWZSe-KPmjX1yb5eTncv4OCvXxrCxAsCCJx9tNkgpUQxImLBixbT-gZYg4wRjNG9gLivCcgZyK5OKj3BwZ-N6s:1oVvvE:_ixQD6tagwy9qIJbmZd1ffqBQTJmu-5QHBsvJH4NTkA','2022-09-21 14:20:56.495409');
insert  into `django_session`(`session_key`,`session_data`,`expire_date`) values ('raiux7o804t2pq988qwuh5s85sq1h421','.eJxVjDsOwjAQBe_iGln-xjIlPWewdr1rHECOFCdVxN1JpBTQvpl5m0iwLjWtnec0krgK7cTld0TIL24HoSe0xyTz1JZ5RHko8qRd3ifi9-10_w4q9LrXEVSwFqIJTivLmah4BewiG-tBF-9RYTagUOewazxE681Qoo7IRCQ-XwGvOFU:1oXjU6:m1Su95nyGLJ-TlC4qi3zH896VU1C6YBe9ASSCohGPJc','2022-09-26 13:28:22.310316');
insert  into `django_session`(`session_key`,`session_data`,`expire_date`) values ('rbqxlv6qn8qn8flz4sbe7103f5gayqfk','.eJxVjDsOwjAQBe_iGln-xjIlPWewdr1rHECOFCdVxN1JpBTQvpl5m0iwLjWtnec0krgK7cTld0TIL24HoSe0xyTz1JZ5RHko8qRd3ifi9-10_w4q9LrXEVSwFqIJTivLmah4BewiG-tBF-9RYTagUOewazxE681Qoo7IRCQ-XwGvOFU:1oXHLX:c4k5qHE47O6ptR8BPdxnOKhCn-dXPEv-3HwkNgm_aig','2022-09-25 07:25:39.060929');
insert  into `django_session`(`session_key`,`session_data`,`expire_date`) values ('ri3022hpwc81on3n1lb7g3stukoau2x9','.eJxVjMsOwiAUBf-FtSHcFgK4dO83kPugUjWQlHZl_Hdt0oVuz8ycl0q4rSVtPS9pFnVWMKjT70jIj1x3Inest6a51XWZSe-KPmjX1yb5eTncv4OCvXxrCxAsCCJx9tNkgpUQxImLBixbT-gZYg4wRjNG9gLivCcgZyK5OKj3BwZ-N6s:1oWI4n:_PDqgYgmGb-EcSeEUmLyHeRSy2R7hbosoqcP-Q5aGYo','2022-09-22 14:00:17.816046');
insert  into `django_session`(`session_key`,`session_data`,`expire_date`) values ('riip6gdixgdo94fx4oie1xkzarpp2xvd','.eJxVjMsOwiAUBf-FtSHcFgK4dO83kPugUjWQlHZl_Hdt0oVuz8ycl0q4rSVtPS9pFnVWMKjT70jIj1x3Inest6a51XWZSe-KPmjX1yb5eTncv4OCvXxrCxAsCCJx9tNkgpUQxImLBixbT-gZYg4wRjNG9gLivCcgZyK5OKj3BwZ-N6s:1oVaO8:l8uqJeudvFOm6MiWFhtLFIO2ygiuFb2Cv2KqwAuTzeg','2022-09-20 15:21:20.989355');
insert  into `django_session`(`session_key`,`session_data`,`expire_date`) values ('rmjpmbbihz5ux5lwdsp7iqf5r29f58pr','.eJxVjMEOwiAQBf-FsyHAQgGP3v0GAssiVQNJaU_Gf9cmPej1zcx7sRC3tYZt0BLmzM5MAjv9jinig9pO8j22W-fY27rMie8KP-jg157peTncv4MaR_3WaAinSQAhSo9QTKFiZRROK50KZKCsdNZaK-cVOY_CAVkL3ngCVIm9Pxo9OBc:1oY5Do:mZUErAVws9mqbJ4aY-kASi7igTY3Tm4_YvjmJtoPti0','2022-09-27 12:41:00.523862');
insert  into `django_session`(`session_key`,`session_data`,`expire_date`) values ('rnxx5stlmixp1zccgorojnxiq7y2n9y7','.eJxVjMEOwiAQBf-FsyHAQgGP3v0GAssiVQNJaU_Gf9cmPej1zcx7sRC3tYZt0BLmzM5MAjv9jinig9pO8j22W-fY27rMie8KP-jg157peTncv4MaR_3WaAinSQAhSo9QTKFiZRROK50KZKCsdNZaK-cVOY_CAVkL3ngCVIm9Pxo9OBc:1oW9iw:EWQxUx8-TgYPhpwamkDiGsVwu1GKCdC-niFg7as1o98','2022-09-22 05:05:10.425382');
insert  into `django_session`(`session_key`,`session_data`,`expire_date`) values ('rpez9si9f1pe9rji9bua79qm9wjz8ck3','.eJxVjEsOAiEQBe_C2hAQ6AaX7ucMhIbGGTWQzGdlvLtOMgvdvqp6LxHTto5xW3iOUxEX4cTpd6OUH9x2UO6p3brMva3zRHJX5EEXOfTCz-vh_h2MaRm_dSBQwJjd2WElNkFhVZ5Yk1dg0ADVErQrqIFCZVQmEBXnmRCsBSveH9wJN5Q:1oTJx4:xbte3GN5uKMM_aB80OLp75tqgE9DfKaz8wvNAlnNfLI','2022-09-14 09:24:02.099240');
insert  into `django_session`(`session_key`,`session_data`,`expire_date`) values ('rq7xhe8invswuop4s1i93uh034ydoivt','.eJxVjMsOwiAUBf-FtSHcFgK4dO83kPugUjWQlHZl_Hdt0oVuz8ycl0q4rSVtPS9pFnVWMKjT70jIj1x3Inest6a51XWZSe-KPmjX1yb5eTncv4OCvXxrCxAsCCJx9tNkgpUQxImLBixbT-gZYg4wRjNG9gLivCcgZyK5OKj3BwZ-N6s:1oWCxw:Ovt620LSTFBuu3UjObG1StzCE47y9cQXbCHErLKfXnY','2022-09-22 08:32:52.575540');
insert  into `django_session`(`session_key`,`session_data`,`expire_date`) values ('rs8b0im5geqfz0ga2j8faqq7rmu1yuq7','.eJxVjDsOwjAQBe_iGln-xjIlPWewdr1rHECOFCdVxN1JpBTQvpl5m0iwLjWtnec0krgK7cTld0TIL24HoSe0xyTz1JZ5RHko8qRd3ifi9-10_w4q9LrXEVSwFqIJTivLmah4BewiG-tBF-9RYTagUOewazxE681Qoo7IRCQ-XwGvOFU:1oXhPn:d3Bc7uo_GWHzxCEGwMzKgzoXQ4ApQffcVb2tROyHpi8','2022-09-26 11:15:47.457842');
insert  into `django_session`(`session_key`,`session_data`,`expire_date`) values ('rs984m47rik2xoy2vmho7yvi8wxip777','.eJxVjMsOwiAUBf-FtSHcFgK4dO83kPugUjWQlHZl_Hdt0oVuz8ycl0q4rSVtPS9pFnVWMKjT70jIj1x3Inest6a51XWZSe-KPmjX1yb5eTncv4OCvXxrCxAsCCJx9tNkgpUQxImLBixbT-gZYg4wRjNG9gLivCcgZyK5OKj3BwZ-N6s:1oVSjk:pahSvk9oNaT9_Aeb3mKDVgFFJPWZeN5usKuOFQBZy9I','2022-09-20 07:11:08.483081');
insert  into `django_session`(`session_key`,`session_data`,`expire_date`) values ('rsw0iutvoqznvydzja3jtpzjrc6q9ev8','.eJxVjMsOwiAUBf-FtSHcFgK4dO83kPugUjWQlHZl_Hdt0oVuz8ycl0q4rSVtPS9pFnVWMKjT70jIj1x3Inest6a51XWZSe-KPmjX1yb5eTncv4OCvXxrCxAsCCJx9tNkgpUQxImLBixbT-gZYg4wRjNG9gLivCcgZyK5OKj3BwZ-N6s:1oXgYu:qeJMhPmS9EvIFiVciMKm7jj4FZqPWIKB-gNh0s_bRj4','2022-09-26 10:21:08.288157');
insert  into `django_session`(`session_key`,`session_data`,`expire_date`) values ('ruwhfe2x87kzv7mu1n321dc685a02kjp','.eJxVjMsOwiAUBf-FtSHcFgK4dO83kPugUjWQlHZl_Hdt0oVuz8ycl0q4rSVtPS9pFnVWMKjT70jIj1x3Inest6a51XWZSe-KPmjX1yb5eTncv4OCvXxrCxAsCCJx9tNkgpUQxImLBixbT-gZYg4wRjNG9gLivCcgZyK5OKj3BwZ-N6s:1oVBgS:QH4eTpgeyB6mc3tx33z9LVDifVggSDtnMb5cZj3H0I8','2022-09-19 12:58:36.054680');
insert  into `django_session`(`session_key`,`session_data`,`expire_date`) values ('s19xhgqf5ksrt5kzsz4w1h8hdylgpwvy','.eJxVjMsOwiAUBf-FtSHcFgK4dO83kPugUjWQlHZl_Hdt0oVuz8ycl0q4rSVtPS9pFnVWMKjT70jIj1x3Inest6a51XWZSe-KPmjX1yb5eTncv4OCvXxrCxAsCCJx9tNkgpUQxImLBixbT-gZYg4wRjNG9gLivCcgZyK5OKj3BwZ-N6s:1oVlYp:ToYcpT2HN74IETZ9Nx0vgMiUVnnLz_ekkKjYkJketp8','2022-09-21 03:17:07.249662');
insert  into `django_session`(`session_key`,`session_data`,`expire_date`) values ('s23j5wlp6ta44i2nes11842fnk01jznz','.eJxVjMsOwiAUBf-FtSHcFgK4dO83kPugUjWQlHZl_Hdt0oVuz8ycl0q4rSVtPS9pFnVWMKjT70jIj1x3Inest6a51XWZSe-KPmjX1yb5eTncv4OCvXxrCxAsCCJx9tNkgpUQxImLBixbT-gZYg4wRjNG9gLivCcgZyK5OKj3BwZ-N6s:1oVne3:kDvdeFGccsw1jsPVU1nchu-fiw_h5LzjjJ0mSI2uOuU','2022-09-21 05:30:39.405690');
insert  into `django_session`(`session_key`,`session_data`,`expire_date`) values ('se2mdx5xrdhu7s3k2chyylag4v39k47f','.eJxVjMsOwiAUBf-FtSHcFgK4dO83kPugUjWQlHZl_Hdt0oVuz8ycl0q4rSVtPS9pFnVWMKjT70jIj1x3Inest6a51XWZSe-KPmjX1yb5eTncv4OCvXxrCxAsCCJx9tNkgpUQxImLBixbT-gZYg4wRjNG9gLivCcgZyK5OKj3BwZ-N6s:1oVTVs:I2Exn7exwzAd0KCb15-ejCbS4B57zYTN4ItXwL4soQw','2022-09-20 08:00:52.628311');
insert  into `django_session`(`session_key`,`session_data`,`expire_date`) values ('shlgcooikufby3zqma526wgvd6zytd7r','.eJxVjMsOwiAUBf-FtSHcFgK4dO83kPugUjWQlHZl_Hdt0oVuz8ycl0q4rSVtPS9pFnVWMKjT70jIj1x3Inest6a51XWZSe-KPmjX1yb5eTncv4OCvXxrCxAsCCJx9tNkgpUQxImLBixbT-gZYg4wRjNG9gLivCcgZyK5OKj3BwZ-N6s:1oVwNj:KtiHFlEv0Gz4SioHJ4odAHUjmijdL6n5LWySCzTn_T8','2022-09-21 14:50:23.589574');
insert  into `django_session`(`session_key`,`session_data`,`expire_date`) values ('siqvseal7sm0ec0zpfa5cgslfrzx0umh','.eJxVjMsOwiAUBf-FtSHcFgK4dO83kPugUjWQlHZl_Hdt0oVuz8ycl0q4rSVtPS9pFnVWMKjT70jIj1x3Inest6a51XWZSe-KPmjX1yb5eTncv4OCvXxrCxAsCCJx9tNkgpUQxImLBixbT-gZYg4wRjNG9gLivCcgZyK5OKj3BwZ-N6s:1oY1H8:hq_224Nh52lbYBEb5X4qWDr7-RjYF6vvtQHfX_jCcMU','2022-09-27 08:28:10.181203');
insert  into `django_session`(`session_key`,`session_data`,`expire_date`) values ('sivasj1yxlw5wss13fl8ll2idu6hlwdk','.eJxVjMEOwiAQBf-FsyHAQgGP3v0GAssiVQNJaU_Gf9cmPej1zcx7sRC3tYZt0BLmzM5MAjv9jinig9pO8j22W-fY27rMie8KP-jg157peTncv4MaR_3WaAinSQAhSo9QTKFiZRROK50KZKCsdNZaK-cVOY_CAVkL3ngCVIm9Pxo9OBc:1oW9RW:Ifpk25jKAx-94GD0DTG6pkTQnZEFpmIZKGNeNvUmouo','2022-09-22 04:47:10.168557');
insert  into `django_session`(`session_key`,`session_data`,`expire_date`) values ('sjr5a0aotjpixcq9xcoii7ecuh1onl92','.eJxVjMEOwiAQBf-FsyHAQgGP3v0GAssiVQNJaU_Gf9cmPej1zcx7sRC3tYZt0BLmzM5MAjv9jinig9pO8j22W-fY27rMie8KP-jg157peTncv4MaR_3WaAinSQAhSo9QTKFiZRROK50KZKCsdNZaK-cVOY_CAVkL3ngCVIm9Pxo9OBc:1oW9Tk:3BimoU0l3GrUujoK-_5ND2hy9VoXTFvV5kDatY9GWJo','2022-09-22 04:49:28.449000');
insert  into `django_session`(`session_key`,`session_data`,`expire_date`) values ('smvtbb1ds44gp3pc3uzrrpx4m546ta9i','.eJxVjMsOwiAUBf-FtSHcFgK4dO83kPugUjWQlHZl_Hdt0oVuz8ycl0q4rSVtPS9pFnVWMKjT70jIj1x3Inest6a51XWZSe-KPmjX1yb5eTncv4OCvXxrCxAsCCJx9tNkgpUQxImLBixbT-gZYg4wRjNG9gLivCcgZyK5OKj3BwZ-N6s:1oVvSZ:Nr32oywo8MfjvSH8s0n-YAcDdR8grg4ron6mePKPG2g','2022-09-21 13:51:19.191138');
insert  into `django_session`(`session_key`,`session_data`,`expire_date`) values ('sqgf206p86jog177svw24j55t3skypiz','.eJxVjMEOwiAQBf-FsyHAQgGP3v0GAssiVQNJaU_Gf9cmPej1zcx7sRC3tYZt0BLmzM5MAjv9jinig9pO8j22W-fY27rMie8KP-jg157peTncv4MaR_3WaAinSQAhSo9QTKFiZRROK50KZKCsdNZaK-cVOY_CAVkL3ngCVIm9Pxo9OBc:1oW9lR:Xly9GjT-s05WkRHntp3Uq5Bbcd5D-3O3sDSTOFdNoeg','2022-09-22 05:07:45.761731');
insert  into `django_session`(`session_key`,`session_data`,`expire_date`) values ('squrzbo43x7rhrvscdpefy9mk5fkqe9r','.eJxVjMsOwiAUBf-FtSHcFgK4dO83kPugUjWQlHZl_Hdt0oVuz8ycl0q4rSVtPS9pFnVWMKjT70jIj1x3Inest6a51XWZSe-KPmjX1yb5eTncv4OCvXxrCxAsCCJx9tNkgpUQxImLBixbT-gZYg4wRjNG9gLivCcgZyK5OKj3BwZ-N6s:1oVmeC:NcoTH9IWuybQjQBxh6nYo8jIYJgutuLSYIHtGomdkxA','2022-09-21 04:26:44.448801');
insert  into `django_session`(`session_key`,`session_data`,`expire_date`) values ('st2f72cxq532pkzrmpb913ewww8o4lvk','.eJxVjMEOwiAQBf-FsyHAQgGP3v0GAssiVQNJaU_Gf9cmPej1zcx7sRC3tYZt0BLmzM5MAjv9jinig9pO8j22W-fY27rMie8KP-jg157peTncv4MaR_3WaAinSQAhSo9QTKFiZRROK50KZKCsdNZaK-cVOY_CAVkL3ngCVIm9Pxo9OBc:1oXd9C:SAy9fW-a1rDNH389k8DI_k8v3jCPvqJcUFp5yxHcAP8','2022-09-26 06:42:22.110247');
insert  into `django_session`(`session_key`,`session_data`,`expire_date`) values ('su4qmpqjvhcsn4l00zbwuwzn7fq3at1e','.eJxVjMsOwiAUBf-FtSHcFgK4dO83kPugUjWQlHZl_Hdt0oVuz8ycl0q4rSVtPS9pFnVWMKjT70jIj1x3Inest6a51XWZSe-KPmjX1yb5eTncv4OCvXxrCxAsCCJx9tNkgpUQxImLBixbT-gZYg4wRjNG9gLivCcgZyK5OKj3BwZ-N6s:1oVm2P:nfp9J_-5GOAa5sCq-xSKwesSKtYa2sSbv3sO_3orkQw','2022-09-21 03:47:41.066461');
insert  into `django_session`(`session_key`,`session_data`,`expire_date`) values ('suk73i4l33gkt7h4bmzu4b9o008horz1','.eJxVjMsOwiAUBf-FtSHcFgK4dO83kPugUjWQlHZl_Hdt0oVuz8ycl0q4rSVtPS9pFnVWMKjT70jIj1x3Inest6a51XWZSe-KPmjX1yb5eTncv4OCvXxrCxAsCCJx9tNkgpUQxImLBixbT-gZYg4wRjNG9gLivCcgZyK5OKj3BwZ-N6s:1oWCSZ:qdNgF-QkEP5rOERooZlu7G2a-6nNB9c3aVeHVvKIUvw','2022-09-22 08:00:27.529297');
insert  into `django_session`(`session_key`,`session_data`,`expire_date`) values ('sxjjjmqn1vdw346ns0pnzm3bka9w38n7','.eJxVjMsOwiAUBf-FtSHcFgK4dO83kPugUjWQlHZl_Hdt0oVuz8ycl0q4rSVtPS9pFnVWMKjT70jIj1x3Inest6a51XWZSe-KPmjX1yb5eTncv4OCvXxrCxAsCCJx9tNkgpUQxImLBixbT-gZYg4wRjNG9gLivCcgZyK5OKj3BwZ-N6s:1oXzdy:6-wDiCb7gH81OC4IA9KpDpNyu0lfP2ykI1LTa69mLC0','2022-09-27 06:43:38.178988');
insert  into `django_session`(`session_key`,`session_data`,`expire_date`) values ('sytuwrthv8ma94vv4nah10sr6zwgp0pq','.eJxVjMsOwiAUBf-FtSHcFgK4dO83kPugUjWQlHZl_Hdt0oVuz8ycl0q4rSVtPS9pFnVWMKjT70jIj1x3Inest6a51XWZSe-KPmjX1yb5eTncv4OCvXxrCxAsCCJx9tNkgpUQxImLBixbT-gZYg4wRjNG9gLivCcgZyK5OKj3BwZ-N6s:1oVPGV:-yJutMRNXqBWu6YVbfqUZClGiL-Q649cgAa5R8hxIlY','2022-09-20 03:28:43.453561');
insert  into `django_session`(`session_key`,`session_data`,`expire_date`) values ('sz74k65wi482q06ec03mcz19xkjlq9lr','.eJxVjMsOwiAUBf-FtSHcFgK4dO83kPugUjWQlHZl_Hdt0oVuz8ycl0q4rSVtPS9pFnVWMKjT70jIj1x3Inest6a51XWZSe-KPmjX1yb5eTncv4OCvXxrCxAsCCJx9tNkgpUQxImLBixbT-gZYg4wRjNG9gLivCcgZyK5OKj3BwZ-N6s:1oWZp3:q9gAZNdnrb-Na2N8LrTC6gDI-Esc8wwWWecJxaW582M','2022-09-23 08:57:13.054426');
insert  into `django_session`(`session_key`,`session_data`,`expire_date`) values ('t1k10lkhl2sgczj02lq2ctbde165848j','.eJxVjEEOwiAQRe_C2hCggQ4u3XsGMswMUjVtUtpV490NSRe6_e-9f6iE-1bT3mRNE6urcuryu2Wkl8wd8BPnx6Jpmbd1yror-qRN3xeW9-10_w4qttprAHIkFg04Fh5sDITBURg9WiJbMGeAAH4wA6PJKMGLKW6MsSADqc8X_l04vQ:1oMROb:Z0FYYHSC_dVqMNTdRgczax0AFLtLXGetZ3gXrlrpN0s','2022-08-26 09:56:01.517886');
insert  into `django_session`(`session_key`,`session_data`,`expire_date`) values ('t3osxs71pn1hn0oczyyao36i753avdi2','.eJxVjDsOwjAQBe_iGln-xjIlPWewdr1rHECOFCdVxN1JpBTQvpl5m0iwLjWtnec0krgK7cTld0TIL24HoSe0xyTz1JZ5RHko8qRd3ifi9-10_w4q9LrXEVSwFqIJTivLmah4BewiG-tBF-9RYTagUOewazxE681Qoo7IRCQ-XwGvOFU:1oYiTS:IjiI90UQIZuAhVQo2kX0uLaGWcGiZXAK-UBKx0baoSI','2022-09-29 06:35:46.674848');
insert  into `django_session`(`session_key`,`session_data`,`expire_date`) values ('t8fqkk71qcfpr5320xov0gz8nrit21ez','.eJxVjMsOwiAUBf-FtSHcFgK4dO83kPugUjWQlHZl_Hdt0oVuz8ycl0q4rSVtPS9pFnVWMKjT70jIj1x3Inest6a51XWZSe-KPmjX1yb5eTncv4OCvXxrCxAsCCJx9tNkgpUQxImLBixbT-gZYg4wRjNG9gLivCcgZyK5OKj3BwZ-N6s:1oVQGu:Q-empABkYQkZhCk32uq0iVkJ63KtUdlHQs-K_KgccOY','2022-09-20 04:33:12.496231');
insert  into `django_session`(`session_key`,`session_data`,`expire_date`) values ('t8umq8q0a56sgb482ckpdmk9ng0j22xd','.eJxVjMEOwiAQBf-FsyHAQgGP3v0GAssiVQNJaU_Gf9cmPej1zcx7sRC3tYZt0BLmzM5MAjv9jinig9pO8j22W-fY27rMie8KP-jg157peTncv4MaR_3WaAinSQAhSo9QTKFiZRROK50KZKCsdNZaK-cVOY_CAVkL3ngCVIm9Pxo9OBc:1oXdd0:76Gjg9xDIg4FRt5ONUlaY6eOotFcNaAaxx7XWQOSMPk','2022-09-26 07:13:10.493369');
insert  into `django_session`(`session_key`,`session_data`,`expire_date`) values ('tcjus0tqabm4157l7cwyge5swzu2ohxb','.eJxVjMsOwiAUBf-FtSHcFgK4dO83kPugUjWQlHZl_Hdt0oVuz8ycl0q4rSVtPS9pFnVWMKjT70jIj1x3Inest6a51XWZSe-KPmjX1yb5eTncv4OCvXxrCxAsCCJx9tNkgpUQxImLBixbT-gZYg4wRjNG9gLivCcgZyK5OKj3BwZ-N6s:1oVsxt:HlrcZXDnZNPtFM0c0tprFpevLVu9bVWU3rSqQhU5nOs','2022-09-21 11:11:29.271855');
insert  into `django_session`(`session_key`,`session_data`,`expire_date`) values ('tei0wfz0dnzm7oao0yytrdv3034aj1st','.eJxVjMEOwiAQBf-FsyHAQgGP3v0GAssiVQNJaU_Gf9cmPej1zcx7sRC3tYZt0BLmzM5MAjv9jinig9pO8j22W-fY27rMie8KP-jg157peTncv4MaR_3WaAinSQAhSo9QTKFiZRROK50KZKCsdNZaK-cVOY_CAVkL3ngCVIm9Pxo9OBc:1oXGAz:L2aT4Yqm7bU2b-_IzNfpIlH1AxDbocl0CsYtt6jNmRQ','2022-09-25 06:10:41.686673');
insert  into `django_session`(`session_key`,`session_data`,`expire_date`) values ('tp8dp9e9apo1li5n6d4dcn0itp72jlbd','.eJxVjDsOwjAQBe_iGln-xjIlPWewdr1rHECOFCdVxN1JpBTQvpl5m0iwLjWtnec0krgK7cTld0TIL24HoSe0xyTz1JZ5RHko8qRd3ifi9-10_w4q9LrXEVSwFqIJTivLmah4BewiG-tBF-9RYTagUOewazxE681Qoo7IRCQ-XwGvOFU:1oY4Db:3Qwbd2VJ9bXue2ublBVZWiV1o5I-IEJkissHcHMBgsg','2022-09-27 11:36:43.675696');
insert  into `django_session`(`session_key`,`session_data`,`expire_date`) values ('tr1sjor0eomopbblfalk0jaarnyru0f0','.eJxVjMsOwiAUBf-FtSHcFgK4dO83kPugUjWQlHZl_Hdt0oVuz8ycl0q4rSVtPS9pFnVWMKjT70jIj1x3Inest6a51XWZSe-KPmjX1yb5eTncv4OCvXxrCxAsCCJx9tNkgpUQxImLBixbT-gZYg4wRjNG9gLivCcgZyK5OKj3BwZ-N6s:1oVuth:BnEVprV6qQUrFCkaVyMdKt8k-rexQcGLtLQQL4fRiRw','2022-09-21 13:15:17.661890');
insert  into `django_session`(`session_key`,`session_data`,`expire_date`) values ('ttzjekkps1gcivy0c14o8u6d9gs69w1d','.eJxVjMEOwiAQBf-FsyHAQgGP3v0GAssiVQNJaU_Gf9cmPej1zcx7sRC3tYZt0BLmzM5MAjv9jinig9pO8j22W-fY27rMie8KP-jg157peTncv4MaR_3WaAinSQAhSo9QTKFiZRROK50KZKCsdNZaK-cVOY_CAVkL3ngCVIm9Pxo9OBc:1oVpk5:c4uWWRxN_Bo4BXo6M2ZmTYv7SQi4avbpzcCDJy8xjBs','2022-09-21 07:45:01.643670');
insert  into `django_session`(`session_key`,`session_data`,`expire_date`) values ('twsnrim71v07ql6hwx74hcyan0zcri56','.eJxVjMsOwiAUBf-FtSHcFgK4dO83kPugUjWQlHZl_Hdt0oVuz8ycl0q4rSVtPS9pFnVWMKjT70jIj1x3Inest6a51XWZSe-KPmjX1yb5eTncv4OCvXxrCxAsCCJx9tNkgpUQxImLBixbT-gZYg4wRjNG9gLivCcgZyK5OKj3BwZ-N6s:1oVub4:E-K9EtlyoqnotuQa7l9SH0toTzVewQ9vDP01PSCnbq8','2022-09-21 12:56:02.261000');
insert  into `django_session`(`session_key`,`session_data`,`expire_date`) values ('u0c5rvvpd6zqrodo3ls0wf1t56zfzri6','.eJxVjMsOwiAUBf-FtSHcFgK4dO83kPugUjWQlHZl_Hdt0oVuz8ycl0q4rSVtPS9pFnVWMKjT70jIj1x3Inest6a51XWZSe-KPmjX1yb5eTncv4OCvXxrCxAsCCJx9tNkgpUQxImLBixbT-gZYg4wRjNG9gLivCcgZyK5OKj3BwZ-N6s:1oVBYB:eKuB8NgUUtLlWSugsr78DIzMiKcN9sAFCwGBCreb0Ao','2022-09-19 12:50:03.773944');
insert  into `django_session`(`session_key`,`session_data`,`expire_date`) values ('u1n2eeg21g25nxink0xuskgbu0grj2ib','.eJxVjDsOwjAQBe_iGln-xjIlPWewdr1rHECOFCdVxN1JpBTQvpl5m0iwLjWtnec0krgK7cTld0TIL24HoSe0xyTz1JZ5RHko8qRd3ifi9-10_w4q9LrXEVSwFqIJTivLmah4BewiG-tBF-9RYTagUOewazxE681Qoo7IRCQ-XwGvOFU:1oXLGy:k7OuuDPZKbggXmmqB1K_39TdCWVXb99JiEsr8nfXJRQ','2022-09-25 11:37:12.588882');
insert  into `django_session`(`session_key`,`session_data`,`expire_date`) values ('u57y0tsk9gcydni2ptxifuj28141kubd','.eJxVjEsOAiEQBe_C2hAQ6AaX7ucMhIbGGTWQzGdlvLtOMgvdvqp6LxHTto5xW3iOUxEX4cTpd6OUH9x2UO6p3brMva3zRHJX5EEXOfTCz-vh_h2MaRm_dSBQwJjd2WElNkFhVZ5Yk1dg0ADVErQrqIFCZVQmEBXnmRCsBSveH9wJN5Q:1oTGc7:The_3ScTLrUKBYrpG3atzfRQUXdQGEaVnw8XWUrYtmc','2022-09-14 05:50:11.334121');
insert  into `django_session`(`session_key`,`session_data`,`expire_date`) values ('u6nvwnb6kw7qjkefhvtvam9ac9x85qn2','.eJxVjMEOwiAQBf-FsyHAQgGP3v0GAssiVQNJaU_Gf9cmPej1zcx7sRC3tYZt0BLmzM5MAjv9jinig9pO8j22W-fY27rMie8KP-jg157peTncv4MaR_3WaAinSQAhSo9QTKFiZRROK50KZKCsdNZaK-cVOY_CAVkL3ngCVIm9Pxo9OBc:1oXcVJ:gc9xsgPs5O_r3ByxAtSnKMAVo49x9uTJrWwKVLdZK7I','2022-09-26 06:01:09.153628');
insert  into `django_session`(`session_key`,`session_data`,`expire_date`) values ('u6zgaem874ukuyeb21zrhtoll340u7qa','.eJxVjDsOwjAQBe_iGln-xjIlPWewdr1rHECOFCdVxN1JpBTQvpl5m0iwLjWtnec0krgK7cTld0TIL24HoSe0xyTz1JZ5RHko8qRd3ifi9-10_w4q9LrXEVSwFqIJTivLmah4BewiG-tBF-9RYTagUOewazxE681Qoo7IRCQ-XwGvOFU:1oYKoI:IsSj86iadbZhd0rk1d7jOlhMkxOBza1V3kWQuGHWhIk','2022-09-28 05:19:42.721234');
insert  into `django_session`(`session_key`,`session_data`,`expire_date`) values ('u9lforgdanq9yvo7xemd9kwtz1eqtpdk','.eJxVjDsOwjAQBe_iGln-xjIlPWewdr1rHECOFCdVxN1JpBTQvpl5m0iwLjWtnec0krgK7cTld0TIL24HoSe0xyTz1JZ5RHko8qRd3ifi9-10_w4q9LrXEVSwFqIJTivLmah4BewiG-tBF-9RYTagUOewazxE681Qoo7IRCQ-XwGvOFU:1oXfgN:refhKBL-XYJeXA55X56EXB5trKEabxYDD3Q-kH2CP0k','2022-09-26 09:24:47.914227');
insert  into `django_session`(`session_key`,`session_data`,`expire_date`) values ('uaqpbfkw4y41mnzx1akozokjf6jmybow','.eJxVjMsOwiAUBf-FtSHcFgK4dO83kPugUjWQlHZl_Hdt0oVuz8ycl0q4rSVtPS9pFnVWMKjT70jIj1x3Inest6a51XWZSe-KPmjX1yb5eTncv4OCvXxrCxAsCCJx9tNkgpUQxImLBixbT-gZYg4wRjNG9gLivCcgZyK5OKj3BwZ-N6s:1oWBkr:9pPudUq6w1WzU6vgthD7IyG_q82uZPmFZXP2H1y7oOI','2022-09-22 07:15:17.973209');
insert  into `django_session`(`session_key`,`session_data`,`expire_date`) values ('ufka7wz02wayeqvitk6ik4vbr9abj0us','.eJxVjMEOwiAQBf-FsyHAQgGP3v0GAssiVQNJaU_Gf9cmPej1zcx7sRC3tYZt0BLmzM5MAjv9jinig9pO8j22W-fY27rMie8KP-jg157peTncv4MaR_3WaAinSQAhSo9QTKFiZRROK50KZKCsdNZaK-cVOY_CAVkL3ngCVIm9Pxo9OBc:1oY7BT:YK4Z7Mwf7WXjH_4BpL67evb9NuQcFZiITto_QHf_I0g','2022-09-27 14:46:43.780185');
insert  into `django_session`(`session_key`,`session_data`,`expire_date`) values ('uhjikbhtkbtudq5sewi7oc8gr4g5k23x','.eJxVjMEOwiAQBf-FsyHAQgGP3v0GAssiVQNJaU_Gf9cmPej1zcx7sRC3tYZt0BLmzM5MAjv9jinig9pO8j22W-fY27rMie8KP-jg157peTncv4MaR_3WaAinSQAhSo9QTKFiZRROK50KZKCsdNZaK-cVOY_CAVkL3ngCVIm9Pxo9OBc:1oWau4:OvXAyjWC4Urou_yj3JiJpeCHJvYTMNCV2rNx58aGSEU','2022-09-23 10:06:28.703622');
insert  into `django_session`(`session_key`,`session_data`,`expire_date`) values ('uj38d3w0d6h6h235erxmn4r9yf80wu8q','.eJxVjMEOwiAQBf-FsyHAQgGP3v0GAssiVQNJaU_Gf9cmPej1zcx7sRC3tYZt0BLmzM5MAjv9jinig9pO8j22W-fY27rMie8KP-jg157peTncv4MaR_3WaAinSQAhSo9QTKFiZRROK50KZKCsdNZaK-cVOY_CAVkL3ngCVIm9Pxo9OBc:1oXd5m:i0hE5kfM73av--fK_Nc1GIp59l9C2kxKQaGqZgbodzE','2022-09-26 06:38:50.738995');
insert  into `django_session`(`session_key`,`session_data`,`expire_date`) values ('ukk8h9hcphw7cigxqrpgulhxr4gnv9lo','.eJxVjMsOwiAUBf-FtSHcFgK4dO83kPugUjWQlHZl_Hdt0oVuz8ycl0q4rSVtPS9pFnVWMKjT70jIj1x3Inest6a51XWZSe-KPmjX1yb5eTncv4OCvXxrCxAsCCJx9tNkgpUQxImLBixbT-gZYg4wRjNG9gLivCcgZyK5OKj3BwZ-N6s:1oVcCu:tS3qrD-foriyeuSNvDrElyjkQA87fesWh3es6Hy_yjk','2022-09-20 17:17:52.574759');
insert  into `django_session`(`session_key`,`session_data`,`expire_date`) values ('umepemdrynwcblsp2req86mypzlfatw2','.eJxVjMEOwiAQBf-FsyHAQgGP3v0GAssiVQNJaU_Gf9cmPej1zcx7sRC3tYZt0BLmzM5MAjv9jinig9pO8j22W-fY27rMie8KP-jg157peTncv4MaR_3WaAinSQAhSo9QTKFiZRROK50KZKCsdNZaK-cVOY_CAVkL3ngCVIm9Pxo9OBc:1oVpCS:W46-osJBCrkVaW9MbvpSk_ah3p0UmXLI-5YQ7hriZmY','2022-09-21 07:10:16.228362');
insert  into `django_session`(`session_key`,`session_data`,`expire_date`) values ('unwoypyhmpvj45yjj8rxkq5xaahgqxc4','.eJxVjMsOwiAUBf-FtSHcFgK4dO83kPugUjWQlHZl_Hdt0oVuz8ycl0q4rSVtPS9pFnVWMKjT70jIj1x3Inest6a51XWZSe-KPmjX1yb5eTncv4OCvXxrCxAsCCJx9tNkgpUQxImLBixbT-gZYg4wRjNG9gLivCcgZyK5OKj3BwZ-N6s:1oVmxd:q5jtcg3pBvdee_aDFxtRvUKvr_UWBYd0q_eX3pYcNqU','2022-09-21 04:46:49.296047');
insert  into `django_session`(`session_key`,`session_data`,`expire_date`) values ('upas5z152uu1xuy25cbpr4pz4skpvho4','.eJxVjEEOwiAQRe_C2hCggQ4u3XsGMswMUjVtUtpV490NSRe6_e-9f6iE-1bT3mRNE6urcuryu2Wkl8wd8BPnx6Jpmbd1yror-qRN3xeW9-10_w4qttprAHIkFg04Fh5sDITBURg9WiJbMGeAAH4wA6PJKMGLKW6MsSADqc8X_l04vQ:1oNY2k:mj5QPIatIJpUrpNpGMPCyt8L8A8WwhLSrkvn-uQMHFI','2022-08-29 11:14:02.113744');
insert  into `django_session`(`session_key`,`session_data`,`expire_date`) values ('uwt8o2h8s4qhy2noqx6ltt3hspee70jh','.eJxVjMsOwiAUBf-FtSHcFgK4dO83kPugUjWQlHZl_Hdt0oVuz8ycl0q4rSVtPS9pFnVWMKjT70jIj1x3Inest6a51XWZSe-KPmjX1yb5eTncv4OCvXxrCxAsCCJx9tNkgpUQxImLBixbT-gZYg4wRjNG9gLivCcgZyK5OKj3BwZ-N6s:1oWZrO:bfLKm1DUxzb0W92Bor-72oGSLDRgH7lLiKIlINbaH-s','2022-09-23 08:59:38.254060');
insert  into `django_session`(`session_key`,`session_data`,`expire_date`) values ('uz75o1xl3j8cjni0r0cff2wzf8n4hry5','.eJxVjMsOwiAUBf-FtSHcFgK4dO83kPugUjWQlHZl_Hdt0oVuz8ycl0q4rSVtPS9pFnVWMKjT70jIj1x3Inest6a51XWZSe-KPmjX1yb5eTncv4OCvXxrCxAsCCJx9tNkgpUQxImLBixbT-gZYg4wRjNG9gLivCcgZyK5OKj3BwZ-N6s:1oWYYj:ke1z-_YbBaMsTXHsXd5Q2k_98_2mrfZT34g8vwikCiQ','2022-09-23 07:36:17.746334');
insert  into `django_session`(`session_key`,`session_data`,`expire_date`) values ('v0yhclmyedkel263bzcvwkc6uc4n43q3','.eJxVjMEOwiAQBf-FsyHAQgGP3v0GAssiVQNJaU_Gf9cmPej1zcx7sRC3tYZt0BLmzM5MAjv9jinig9pO8j22W-fY27rMie8KP-jg157peTncv4MaR_3WaAinSQAhSo9QTKFiZRROK50KZKCsdNZaK-cVOY_CAVkL3ngCVIm9Pxo9OBc:1oY56K:FDVU0x3dQSeqozO197t4NrtZG8OWvT_vMDzsw2qbFUU','2022-09-27 12:33:16.878129');
insert  into `django_session`(`session_key`,`session_data`,`expire_date`) values ('v1hpoa1kyui16q0s6qqbqauoomudbfit','.eJxVjMEOwiAQBf-FsyHAQgGP3v0GAssiVQNJaU_Gf9cmPej1zcx7sRC3tYZt0BLmzM5MAjv9jinig9pO8j22W-fY27rMie8KP-jg157peTncv4MaR_3WaAinSQAhSo9QTKFiZRROK50KZKCsdNZaK-cVOY_CAVkL3ngCVIm9Pxo9OBc:1oYMII:N6eZJl8sX36NGVj685QZqhlw1zqkbpZEMlIkNhVSoIA','2022-09-28 06:54:46.923309');
insert  into `django_session`(`session_key`,`session_data`,`expire_date`) values ('v7vyk12avmh89e5zxybuh0yi4tqlvi8v','.eJxVjMEOwiAQBf-FsyHAQgGP3v0GAssiVQNJaU_Gf9cmPej1zcx7sRC3tYZt0BLmzM5MAjv9jinig9pO8j22W-fY27rMie8KP-jg157peTncv4MaR_3WaAinSQAhSo9QTKFiZRROK50KZKCsdNZaK-cVOY_CAVkL3ngCVIm9Pxo9OBc:1oXLxB:NiH9eF4eCQMdWjEKsXsizDzE0u35KIleP1Xg0Z_Qqwg','2022-09-25 12:20:49.897566');
insert  into `django_session`(`session_key`,`session_data`,`expire_date`) values ('vej9eu1s6ntjjgodbpyu24k1swu82j15','.eJxVjMEOwiAQBf-FsyHAQgGP3v0GAssiVQNJaU_Gf9cmPej1zcx7sRC3tYZt0BLmzM5MAjv9jinig9pO8j22W-fY27rMie8KP-jg157peTncv4MaR_3WaAinSQAhSo9QTKFiZRROK50KZKCsdNZaK-cVOY_CAVkL3ngCVIm9Pxo9OBc:1oXcol:_6ohhfE_nAed2Qo85XnDs5PHrVheJJatoFkg17cqO-Y','2022-09-26 06:21:15.016447');
insert  into `django_session`(`session_key`,`session_data`,`expire_date`) values ('vf8by254fk7re9iabc1fhmlqsz5vlu0k','.eJxVjDsOwjAQBe_iGln-xjIlPWewdr1rHECOFCdVxN1JpBTQvpl5m0iwLjWtnec0krgK7cTld0TIL24HoSe0xyTz1JZ5RHko8qRd3ifi9-10_w4q9LrXEVSwFqIJTivLmah4BewiG-tBF-9RYTagUOewazxE681Qoo7IRCQ-XwGvOFU:1oXeMS:zhFcpiHAywu7V4iaiVMmx-7B8Fynfaj9ZRFNouj2PUA','2022-09-26 08:00:08.780748');
insert  into `django_session`(`session_key`,`session_data`,`expire_date`) values ('vh6h729fo4udsz5nek12vfydiwz50q7m','.eJxVjMEOwiAQBf-FsyHAQgGP3v0GAssiVQNJaU_Gf9cmPej1zcx7sRC3tYZt0BLmzM5MAjv9jinig9pO8j22W-fY27rMie8KP-jg157peTncv4MaR_3WaAinSQAhSo9QTKFiZRROK50KZKCsdNZaK-cVOY_CAVkL3ngCVIm9Pxo9OBc:1oXcjn:PnADatkZPAFoXVAHDV_1pijCfL2Q76wnbG45khcCkIc','2022-09-26 06:16:07.005337');
insert  into `django_session`(`session_key`,`session_data`,`expire_date`) values ('vhl9pyyc6df2uelkoioh3otl7ilrznit','.eJxVjMsOwiAUBf-FtSHcFgK4dO83kPugUjWQlHZl_Hdt0oVuz8ycl0q4rSVtPS9pFnVWMKjT70jIj1x3Inest6a51XWZSe-KPmjX1yb5eTncv4OCvXxrCxAsCCJx9tNkgpUQxImLBixbT-gZYg4wRjNG9gLivCcgZyK5OKj3BwZ-N6s:1oVoNh:nYlSnLLFiKBqCie30XOHMuMfYjxLZ2QaxxwFedpyGdg','2022-09-21 06:17:49.332968');
insert  into `django_session`(`session_key`,`session_data`,`expire_date`) values ('vi2kt9nv0gdjwllbya6er9umm7gxc207','.eJxVjMsOwiAUBf-FtSHcFgK4dO83kPugUjWQlHZl_Hdt0oVuz8ycl0q4rSVtPS9pFnVWMKjT70jIj1x3Inest6a51XWZSe-KPmjX1yb5eTncv4OCvXxrCxAsCCJx9tNkgpUQxImLBixbT-gZYg4wRjNG9gLivCcgZyK5OKj3BwZ-N6s:1oVR92:HeaP25X_ZxisSjxHsHR48CB0eDhSh9O5rTP6_fmrCa0','2022-09-20 05:29:08.695916');
insert  into `django_session`(`session_key`,`session_data`,`expire_date`) values ('vpruzsk71y7120gv0u8xmdgodcroxj0o','.eJxVjMsOwiAUBf-FtSHcFgK4dO83kPugUjWQlHZl_Hdt0oVuz8ycl0q4rSVtPS9pFnVWMKjT70jIj1x3Inest6a51XWZSe-KPmjX1yb5eTncv4OCvXxrCxAsCCJx9tNkgpUQxImLBixbT-gZYg4wRjNG9gLivCcgZyK5OKj3BwZ-N6s:1oY0zY:K2sgXfV2HPqylZvYPr9CQIJRUhyTWcy41c13hGfRQN4','2022-09-27 08:10:00.073781');
insert  into `django_session`(`session_key`,`session_data`,`expire_date`) values ('vsplaypkyrfybfiesdpkf2mevj439zjx','.eJxVjMsOwiAUBf-FtSHcFgK4dO83kPugUjWQlHZl_Hdt0oVuz8ycl0q4rSVtPS9pFnVWMKjT70jIj1x3Inest6a51XWZSe-KPmjX1yb5eTncv4OCvXxrCxAsCCJx9tNkgpUQxImLBixbT-gZYg4wRjNG9gLivCcgZyK5OKj3BwZ-N6s:1oVPDR:E-WDvu0HfTCu7G6Y-FJQfU_HGJX1So-yFSdLyMW1jrU','2022-09-20 03:25:33.068793');
insert  into `django_session`(`session_key`,`session_data`,`expire_date`) values ('vtug3khm27v49o3xalgaa4kdxjub774v','.eJxVjMEOwiAQBf-FsyHAQgGP3v0GAssiVQNJaU_Gf9cmPej1zcx7sRC3tYZt0BLmzM5MAjv9jinig9pO8j22W-fY27rMie8KP-jg157peTncv4MaR_3WaAinSQAhSo9QTKFiZRROK50KZKCsdNZaK-cVOY_CAVkL3ngCVIm9Pxo9OBc:1oVxbA:LrCVOKBKYA_xOxyMWX8quwxeu0etQwMcYdHnJViErWQ','2022-09-21 16:08:20.028758');
insert  into `django_session`(`session_key`,`session_data`,`expire_date`) values ('w2efqwbiugv5p3ciuhc70kq5286w49at','.eJxVjMsOwiAUBf-FtSHcFgK4dO83kPugUjWQlHZl_Hdt0oVuz8ycl0q4rSVtPS9pFnVWMKjT70jIj1x3Inest6a51XWZSe-KPmjX1yb5eTncv4OCvXxrCxAsCCJx9tNkgpUQxImLBixbT-gZYg4wRjNG9gLivCcgZyK5OKj3BwZ-N6s:1oVTXZ:5gzS16HVO84FYsdMoo5fJsKDB6depY2eec6iPEU8pg8','2022-09-20 08:02:37.607078');
insert  into `django_session`(`session_key`,`session_data`,`expire_date`) values ('w2jc7hhzex0m4vqkedd5sq911eio96gu','.eJxVjMEOwiAQBf-FsyHAQgGP3v0GAssiVQNJaU_Gf9cmPej1zcx7sRC3tYZt0BLmzM5MAjv9jinig9pO8j22W-fY27rMie8KP-jg157peTncv4MaR_3WaAinSQAhSo9QTKFiZRROK50KZKCsdNZaK-cVOY_CAVkL3ngCVIm9Pxo9OBc:1oXdGZ:vjFGax4QsXGhHBF4GVMd02JRkTdHs31GK9Bpyr-juKM','2022-09-26 06:49:59.258017');
insert  into `django_session`(`session_key`,`session_data`,`expire_date`) values ('w4a5ujitt77lg8crvmgqtpkhc4r87l13','.eJxVjMsOwiAUBf-FtSHcFgK4dO83kPugUjWQlHZl_Hdt0oVuz8ycl0q4rSVtPS9pFnVWMKjT70jIj1x3Inest6a51XWZSe-KPmjX1yb5eTncv4OCvXxrCxAsCCJx9tNkgpUQxImLBixbT-gZYg4wRjNG9gLivCcgZyK5OKj3BwZ-N6s:1oVlCk:dI_2P_ctMnbAgGy_zcxaED5Egjq60j45_5APy9IkgbA','2022-09-21 02:54:18.368133');
insert  into `django_session`(`session_key`,`session_data`,`expire_date`) values ('w6jt9y49s3l12lax56zahltln7ufpdww','.eJxVjDsOwjAQBe_iGln-fyjpOYO1a29wANlSnFSIu0OkFNC-mXkvlmBba9oGLWku7MwkO_1uCPlBbQflDu3Wee5tXWbku8IPOvi1F3peDvfvoMKo31pYr8CQm7A4FC5i9EKSyphB6QgUlNGFcvDaWNJSGUQkkhCsjHHSgr0_6SU39w:1oGvmc:2WvoTieRDGyEQNFZXh_IV899Rt-tdtqg_EBMQOBT0bU','2022-08-11 05:10:02.698123');
insert  into `django_session`(`session_key`,`session_data`,`expire_date`) values ('wdme3j2md2yxxpl2m13davdyogc3wgh5','.eJxVjEEOwiAQRe_C2hAYhgAu3XsGMsAgVUOT0q6Md9cmXej2v_f-S0Ta1ha3wUucijiLIE6_W6L84L6Dcqd-m2We-7pMSe6KPOiQ17nw83K4fweNRvvWzleNoAlNDa6ywQzKEAJWxRqd86yszglSChUyOEBLJXuDxlROYMX7A801N2o:1oV7rW:uRhwxvA4UQ0Ojks0vC24uPFS5Yx73ZacV6JABQyFoIc','2022-09-19 08:53:46.787159');
insert  into `django_session`(`session_key`,`session_data`,`expire_date`) values ('we0n0zep5lk25ywl3r3iv9s8dxzyyzit','.eJxVjMsOwiAUBf-FtSHcFgK4dO83kPugUjWQlHZl_Hdt0oVuz8ycl0q4rSVtPS9pFnVWMKjT70jIj1x3Inest6a51XWZSe-KPmjX1yb5eTncv4OCvXxrCxAsCCJx9tNkgpUQxImLBixbT-gZYg4wRjNG9gLivCcgZyK5OKj3BwZ-N6s:1oVm6w:24Pwxzsz8dnpLBoP8wjY-91dtQT7DAxE0q2u3SqpA6A','2022-09-21 03:52:22.787602');
insert  into `django_session`(`session_key`,`session_data`,`expire_date`) values ('wtj23fwqe54omy8rvqahm1qlmzs87s8o','.eJxVjMsOwiAUBf-FtSHcFgK4dO83kPugUjWQlHZl_Hdt0oVuz8ycl0q4rSVtPS9pFnVWMKjT70jIj1x3Inest6a51XWZSe-KPmjX1yb5eTncv4OCvXxrCxAsCCJx9tNkgpUQxImLBixbT-gZYg4wRjNG9gLivCcgZyK5OKj3BwZ-N6s:1oWILi:ZRTuSBuSuLcaPgic4DQLZZ2aN5v-LqAOUz7VpCWSeWs','2022-09-22 14:17:46.538472');
insert  into `django_session`(`session_key`,`session_data`,`expire_date`) values ('wwg6xrvfwhy774k0pffpmllqrf7islch','.eJxVjMsOwiAUBf-FtSHcFgK4dO83kPugUjWQlHZl_Hdt0oVuz8ycl0q4rSVtPS9pFnVWMKjT70jIj1x3Inest6a51XWZSe-KPmjX1yb5eTncv4OCvXxrCxAsCCJx9tNkgpUQxImLBixbT-gZYg4wRjNG9gLivCcgZyK5OKj3BwZ-N6s:1oVR7c:SjuXjt3ooqetyy3bJOwMgw9r_3u-2SQBASeYOGqtOxY','2022-09-20 05:27:40.171697');
insert  into `django_session`(`session_key`,`session_data`,`expire_date`) values ('wxw7769ttd51vnxw8xs5zfnwkg1ueure','.eJxVjDsOwjAQBe_iGln-xjIlPWewdr1rHECOFCdVxN1JpBTQvpl5m0iwLjWtnec0krgK7cTld0TIL24HoSe0xyTz1JZ5RHko8qRd3ifi9-10_w4q9LrXEVSwFqIJTivLmah4BewiG-tBF-9RYTagUOewazxE681Qoo7IRCQ-XwGvOFU:1oXgzS:iUYjDpz5vBA71RP02m1_JjVKN4GslCUYuF2uXZl3v2g','2022-09-26 10:48:34.683571');
insert  into `django_session`(`session_key`,`session_data`,`expire_date`) values ('wzhwuj9pjo6erdzjizltuekg2a7hlco8','.eJxVjMEOwiAQBf-FsyHAQgGP3v0GAssiVQNJaU_Gf9cmPej1zcx7sRC3tYZt0BLmzM5MAjv9jinig9pO8j22W-fY27rMie8KP-jg157peTncv4MaR_3WaAinSQAhSo9QTKFiZRROK50KZKCsdNZaK-cVOY_CAVkL3ngCVIm9Pxo9OBc:1oYLP0:0LRHhI_cB7H7iqVz-DJelwt8cFGkU_zahWAv1smmb3s','2022-09-28 05:57:38.748271');
insert  into `django_session`(`session_key`,`session_data`,`expire_date`) values ('x2lrzcaezs8t37um8jupmzsx7h0jqi8h','.eJxVjMsOwiAUBf-FtSHcFgK4dO83kPugUjWQlHZl_Hdt0oVuz8ycl0q4rSVtPS9pFnVWMKjT70jIj1x3Inest6a51XWZSe-KPmjX1yb5eTncv4OCvXxrCxAsCCJx9tNkgpUQxImLBixbT-gZYg4wRjNG9gLivCcgZyK5OKj3BwZ-N6s:1oVTIm:JME-iXl42Y3dAcBltYZlP02mZtB-ZtSwliiaZ49ljnc','2022-09-20 07:47:20.043691');
insert  into `django_session`(`session_key`,`session_data`,`expire_date`) values ('x4y8k53v375xz19p9zhpbe7dq7wvqlca','.eJxVjMsOwiAUBf-FtSHcFgK4dO83kPugUjWQlHZl_Hdt0oVuz8ycl0q4rSVtPS9pFnVWMKjT70jIj1x3Inest6a51XWZSe-KPmjX1yb5eTncv4OCvXxrCxAsCCJx9tNkgpUQxImLBixbT-gZYg4wRjNG9gLivCcgZyK5OKj3BwZ-N6s:1oXg0e:1sfTx1bGbnVtXIG1ZviaCISMqE3jedAprJpReTUmAfk','2022-09-26 09:45:44.275142');
insert  into `django_session`(`session_key`,`session_data`,`expire_date`) values ('x5trdaikf7gio0qvto0fnaw9gls1pv58','.eJxVjMsOwiAUBf-FtSHcFgK4dO83kPugUjWQlHZl_Hdt0oVuz8ycl0q4rSVtPS9pFnVWMKjT70jIj1x3Inest6a51XWZSe-KPmjX1yb5eTncv4OCvXxrCxAsCCJx9tNkgpUQxImLBixbT-gZYg4wRjNG9gLivCcgZyK5OKj3BwZ-N6s:1oVQrh:zkwU02i6-pGSzBIkZD5XJwLh794-3LgJnnpjlOIizk0','2022-09-20 05:11:13.228231');
insert  into `django_session`(`session_key`,`session_data`,`expire_date`) values ('x7ulh386ye0iruo8axytmdjuvgeb4bnd','.eJxVjMsOwiAUBf-FtSHcFgK4dO83kPugUjWQlHZl_Hdt0oVuz8ycl0q4rSVtPS9pFnVWMKjT70jIj1x3Inest6a51XWZSe-KPmjX1yb5eTncv4OCvXxrCxAsCCJx9tNkgpUQxImLBixbT-gZYg4wRjNG9gLivCcgZyK5OKj3BwZ-N6s:1oVmbV:8czZ2NO9JPar0a6lNDk8OTvbfsqjEX9drm5Vixnivvk','2022-09-21 04:23:57.074241');
insert  into `django_session`(`session_key`,`session_data`,`expire_date`) values ('x97xs7ctotzz9iw2q74frgneqfkr00bm','.eJxVjMsOwiAUBf-FtSHcFgK4dO83kPugUjWQlHZl_Hdt0oVuz8ycl0q4rSVtPS9pFnVWMKjT70jIj1x3Inest6a51XWZSe-KPmjX1yb5eTncv4OCvXxrCxAsCCJx9tNkgpUQxImLBixbT-gZYg4wRjNG9gLivCcgZyK5OKj3BwZ-N6s:1oVuxb:XsGIfc7tM7cOuPYGYln1rEtJcM7OGlGRTYjbz2cY1U8','2022-09-21 13:19:19.720412');
insert  into `django_session`(`session_key`,`session_data`,`expire_date`) values ('xbzoxgy4bks5qu5p2cwa4a6kkhkegipo','.eJxVjMEOwiAQBf-FsyHAQgGP3v0GAssiVQNJaU_Gf9cmPej1zcx7sRC3tYZt0BLmzM5MAjv9jinig9pO8j22W-fY27rMie8KP-jg157peTncv4MaR_3WaAinSQAhSo9QTKFiZRROK50KZKCsdNZaK-cVOY_CAVkL3ngCVIm9Pxo9OBc:1oWcgM:6jrhjJU3IIOT_tfVV9et62utr3cRiOL32fQ9y7OSsRA','2022-09-23 12:00:26.624413');
insert  into `django_session`(`session_key`,`session_data`,`expire_date`) values ('xdwkh5bow0eq2wr0lidtte42gppan75l','.eJxVjMsOwiAUBf-FtSHcFgK4dO83kPugUjWQlHZl_Hdt0oVuz8ycl0q4rSVtPS9pFnVWMKjT70jIj1x3Inest6a51XWZSe-KPmjX1yb5eTncv4OCvXxrCxAsCCJx9tNkgpUQxImLBixbT-gZYg4wRjNG9gLivCcgZyK5OKj3BwZ-N6s:1oVmcT:54_BMl9tJwfpX3Esay2xugk7LcBZ8l4Nk4C5kzKgK1I','2022-09-21 04:24:57.169369');
insert  into `django_session`(`session_key`,`session_data`,`expire_date`) values ('xgzltzsy2oi8xwgob6xal8u0r7qcvua9','.eJxVjMsOwiAUBf-FtSHcFgK4dO83kPugUjWQlHZl_Hdt0oVuz8ycl0q4rSVtPS9pFnVWMKjT70jIj1x3Inest6a51XWZSe-KPmjX1yb5eTncv4OCvXxrCxAsCCJx9tNkgpUQxImLBixbT-gZYg4wRjNG9gLivCcgZyK5OKj3BwZ-N6s:1oVw87:QXigYaS_aIJkLpL_-c29k9fTa2odR3JIqB840TFGU7k','2022-09-21 14:34:15.208166');
insert  into `django_session`(`session_key`,`session_data`,`expire_date`) values ('xitx21kmk14kmhf3ojllpbv1tep39q63','.eJxVjMsOwiAUBf-FtSHcFgK4dO83kPugUjWQlHZl_Hdt0oVuz8ycl0q4rSVtPS9pFnVWMKjT70jIj1x3Inest6a51XWZSe-KPmjX1yb5eTncv4OCvXxrCxAsCCJx9tNkgpUQxImLBixbT-gZYg4wRjNG9gLivCcgZyK5OKj3BwZ-N6s:1oVcC3:a83_wcKEmproYTRCRo21ohom8URcn8ykupFiDkxVQQI','2022-09-20 17:16:59.309232');
insert  into `django_session`(`session_key`,`session_data`,`expire_date`) values ('xlldh46tng9j45lxf3pkauza35ljnddp','.eJxVjEEOgjAQRe_StWmKpTPUpa5ZeQDSoVOpmpYAXRnvLiQscPve_-8jOleWoSszT1304iKMOB0Zuf7FaRP-6dIjyz6nZYokt4nc7Szb7Pl93bd_gcHNw_q2BAoYe3M2GIi1VRhUQ1xRo0CjBgreVsZjBWQDo9KWyJuGCaGuoV6jMY1laWO65RTWopLmAO9lHHf4_QEUQ0Rs:1oTgx2:wgEOcTc_5ATrRWrXNF9URy7eYyiZ1BBRuuRDyB-ofng','2022-09-15 09:57:32.487099');
insert  into `django_session`(`session_key`,`session_data`,`expire_date`) values ('xoh1nzivhr17rjd8i0gjlwxxsgkw1mq2','.eJxVjMsOwiAUBf-FtSHcFgK4dO83kPugUjWQlHZl_Hdt0oVuz8ycl0q4rSVtPS9pFnVWMKjT70jIj1x3Inest6a51XWZSe-KPmjX1yb5eTncv4OCvXxrCxAsCCJx9tNkgpUQxImLBixbT-gZYg4wRjNG9gLivCcgZyK5OKj3BwZ-N6s:1oVQA4:i6PTGGsgrACVxfy2Q5a74rpCP9AvP8NpKxi1Gl2NLls','2022-09-20 04:26:08.451134');
insert  into `django_session`(`session_key`,`session_data`,`expire_date`) values ('xq7kkvxrp125d2uo5bcofe88y8r97om0','.eJxVjMsOwiAUBf-FtSHcFgK4dO83kPugUjWQlHZl_Hdt0oVuz8ycl0q4rSVtPS9pFnVWMKjT70jIj1x3Inest6a51XWZSe-KPmjX1yb5eTncv4OCvXxrCxAsCCJx9tNkgpUQxImLBixbT-gZYg4wRjNG9gLivCcgZyK5OKj3BwZ-N6s:1oVwlj:975zf7WT1T_e9ia10miZ9yvNSACwH6-WCAuhvZIEqek','2022-09-21 15:15:11.992256');
insert  into `django_session`(`session_key`,`session_data`,`expire_date`) values ('xv5emg9upf2t0ze0uii7mvb1g7na4bwm','.eJxVjEsOAiEQBe_C2hAQ6AaX7ucMhIbGGTWQzGdlvLtOMgvdvqp6LxHTto5xW3iOUxEX4cTpd6OUH9x2UO6p3brMva3zRHJX5EEXOfTCz-vh_h2MaRm_dSBQwJjd2WElNkFhVZ5Yk1dg0ADVErQrqIFCZVQmEBXnmRCsBSveH9wJN5Q:1oV3Aj:OMkPuZ9PqMmPbAKxGsz_JSbjpy0TGMqHLX_cWzanYQw','2022-09-19 03:53:17.282329');
insert  into `django_session`(`session_key`,`session_data`,`expire_date`) values ('xx60g6hjvljqrvct25ddlyrg24nkdvlx','.eJxVjDsOwjAQBe_iGln-xjIlPWewdr1rHECOFCdVxN1JpBTQvpl5m0iwLjWtnec0krgK7cTld0TIL24HoSe0xyTz1JZ5RHko8qRd3ifi9-10_w4q9LrXEVSwFqIJTivLmah4BewiG-tBF-9RYTagUOewazxE681Qoo7IRCQ-XwGvOFU:1oXLBR:TBRP67l0FZV1iYbwL5LxYgC5vTPFLVIiw_Ewint4-O8','2022-09-25 11:31:29.650522');
insert  into `django_session`(`session_key`,`session_data`,`expire_date`) values ('xzsig8nz234drz6thqdmwq600zlzthd7','.eJxVjDsOwjAQBe_iGllrO_5R0nMGa71r4wBypHwqxN0hUgpo38y8l0i4rS1tS5nTyOIslBWn3zEjPUrfCd-x3yZJU1_nMctdkQdd5HXi8rwc7t9Bw6V9awJvDEUL7HSgECuBrhBVCAxcjCnWVfRIgIMytmodEQdiCM5mbZQX7w_5xzeb:1oYJqH:hRz6b4rQ8iAcHX_vgAXTuugqtoCAD2x8nzf3Z4QsUYo','2022-09-28 04:17:41.263245');
insert  into `django_session`(`session_key`,`session_data`,`expire_date`) values ('y1q0r40azikr7k6a5lrebmhnwwq3qpqj','.eJxVjMsOwiAUBf-FtSHcFgK4dO83kPugUjWQlHZl_Hdt0oVuz8ycl0q4rSVtPS9pFnVWMKjT70jIj1x3Inest6a51XWZSe-KPmjX1yb5eTncv4OCvXxrCxAsCCJx9tNkgpUQxImLBixbT-gZYg4wRjNG9gLivCcgZyK5OKj3BwZ-N6s:1oY1E3:q5rw46cim5lVGU0OgWulF6FURA5rPfzvw1UhGnph6sE','2022-09-27 08:24:59.334738');
insert  into `django_session`(`session_key`,`session_data`,`expire_date`) values ('y4vxd071as8yhypwogksc1rt1cq0ob3h','.eJxVjMsOwiAUBf-FtSHcFgK4dO83kPugUjWQlHZl_Hdt0oVuz8ycl0q4rSVtPS9pFnVWMKjT70jIj1x3Inest6a51XWZSe-KPmjX1yb5eTncv4OCvXxrCxAsCCJx9tNkgpUQxImLBixbT-gZYg4wRjNG9gLivCcgZyK5OKj3BwZ-N6s:1oWYOs:kO6LPyA3kkg6IHJBCLKJ85GFcSJd5h_eOiUCESd8htc','2022-09-23 07:26:06.954381');
insert  into `django_session`(`session_key`,`session_data`,`expire_date`) values ('y6caxqut0n0n3x68lnyrofg631uopoyi','.eJxVjMEOwiAQBf-FsyHAQgGP3v0GAssiVQNJaU_Gf9cmPej1zcx7sRC3tYZt0BLmzM5MAjv9jinig9pO8j22W-fY27rMie8KP-jg157peTncv4MaR_3WaAinSQAhSo9QTKFiZRROK50KZKCsdNZaK-cVOY_CAVkL3ngCVIm9Pxo9OBc:1oY68l:5alHO1FgoqR3bv1X5mt4BLIr5H3BzjjNqQLQyMWyE14','2022-09-27 13:39:51.552792');
insert  into `django_session`(`session_key`,`session_data`,`expire_date`) values ('y8vrma8v8bkhbrbqkrmfjxf9hb7vwjca','.eJxVjMsOwiAUBf-FtSHcFgK4dO83kPugUjWQlHZl_Hdt0oVuz8ycl0q4rSVtPS9pFnVWMKjT70jIj1x3Inest6a51XWZSe-KPmjX1yb5eTncv4OCvXxrCxAsCCJx9tNkgpUQxImLBixbT-gZYg4wRjNG9gLivCcgZyK5OKj3BwZ-N6s:1oWIFK:JJ8VA4iL_C4_xq-1hOGoFt6otOZB1ZRoJvQ409BbNWY','2022-09-22 14:11:10.978402');
insert  into `django_session`(`session_key`,`session_data`,`expire_date`) values ('yerw7a3dj562nft2hvslxpo5iljs4wa5','.eJxVjMsOwiAUBf-FtSHcFgK4dO83kPugUjWQlHZl_Hdt0oVuz8ycl0q4rSVtPS9pFnVWMKjT70jIj1x3Inest6a51XWZSe-KPmjX1yb5eTncv4OCvXxrCxAsCCJx9tNkgpUQxImLBixbT-gZYg4wRjNG9gLivCcgZyK5OKj3BwZ-N6s:1oVPv5:B7SDqG8hBYJ1Xpr5DZWXAROI_fy8irfrd5rAAirZm2M','2022-09-20 04:10:39.258882');
insert  into `django_session`(`session_key`,`session_data`,`expire_date`) values ('yf82e3deldij9fijhwp34htd9c8zlf4d','.eJxVjMEOwiAQBf-FsyHAQgGP3v0GAssiVQNJaU_Gf9cmPej1zcx7sRC3tYZt0BLmzM5MAjv9jinig9pO8j22W-fY27rMie8KP-jg157peTncv4MaR_3WaAinSQAhSo9QTKFiZRROK50KZKCsdNZaK-cVOY_CAVkL3ngCVIm9Pxo9OBc:1oY4xn:yupBHTZHv0PsvNEVhgyOaAAxrNDGU9CL92IIE1WSchA','2022-09-27 12:24:27.320737');
insert  into `django_session`(`session_key`,`session_data`,`expire_date`) values ('ygw8lotjq9umig3831kllm8kwfzptjhe','.eJxVjDsOwjAQBe_iGln-xjIlPWewdr1rHECOFCdVxN1JpBTQvpl5m0iwLjWtnec0krgK7cTld0TIL24HoSe0xyTz1JZ5RHko8qRd3ifi9-10_w4q9LrXEVSwFqIJTivLmah4BewiG-tBF-9RYTagUOewazxE681Qoo7IRCQ-XwGvOFU:1oXhM6:7rM0SKVIxfwM3RfsDVBlD8boVhtc-yCDEJ7Khg6mDwg','2022-09-26 11:11:58.199325');
insert  into `django_session`(`session_key`,`session_data`,`expire_date`) values ('yhlrr5yymnby2nx0nzvuu7jklfvqowlz','.eJxVjMEOwiAQBf-FsyHAQgGP3v0GAssiVQNJaU_Gf9cmPej1zcx7sRC3tYZt0BLmzM5MAjv9jinig9pO8j22W-fY27rMie8KP-jg157peTncv4MaR_3WaAinSQAhSo9QTKFiZRROK50KZKCsdNZaK-cVOY_CAVkL3ngCVIm9Pxo9OBc:1oYMB7:mFE17leyxgD1yzGBD-ly_OiotnA5zrMVP2GbD2FMVqM','2022-09-28 06:47:21.709124');
insert  into `django_session`(`session_key`,`session_data`,`expire_date`) values ('yi9t4m3adijq3ptyilxl5ureicp6mjf5','.eJxVjMsOwiAUBf-FtSHcFgK4dO83kPugUjWQlHZl_Hdt0oVuz8ycl0q4rSVtPS9pFnVWMKjT70jIj1x3Inest6a51XWZSe-KPmjX1yb5eTncv4OCvXxrCxAsCCJx9tNkgpUQxImLBixbT-gZYg4wRjNG9gLivCcgZyK5OKj3BwZ-N6s:1oVSg5:-od5QtUJchMwT8eBBejJVrCZnpMKPX2EtasJNcFikwg','2022-09-20 07:07:21.700445');
insert  into `django_session`(`session_key`,`session_data`,`expire_date`) values ('yibj71d1euu3dgofx8c73ej742kfbivg','.eJxVjDsOwjAQBe_iGln-xjIlPWewdr1rHECOFCdVxN1JpBTQvpl5m0iwLjWtnec0krgK7cTld0TIL24HoSe0xyTz1JZ5RHko8qRd3ifi9-10_w4q9LrXEVSwFqIJTivLmah4BewiG-tBF-9RYTagUOewazxE681Qoo7IRCQ-XwGvOFU:1oXKkr:dZFmdHbbp7xQMZuGD32g4Indyi-G_nV60ZV6u0-fb-8','2022-09-25 11:04:01.205568');
insert  into `django_session`(`session_key`,`session_data`,`expire_date`) values ('yk8wygewphu9wa6uttifr6gnbeiwaohx','.eJxVjMEOwiAQBf-FsyHAQgGP3v0GAssiVQNJaU_Gf9cmPej1zcx7sRC3tYZt0BLmzM5MAjv9jinig9pO8j22W-fY27rMie8KP-jg157peTncv4MaR_3WaAinSQAhSo9QTKFiZRROK50KZKCsdNZaK-cVOY_CAVkL3ngCVIm9Pxo9OBc:1oWbyF:qTElW0MIStm-N5Za2BC2UEsuIar0rXu1Xz1dbQvj4zE','2022-09-23 11:14:51.145185');
insert  into `django_session`(`session_key`,`session_data`,`expire_date`) values ('yl07ffkyk8uy8vzi2cs5faleku8nxn3t','.eJxVjMsOwiAUBf-FtSHcFgK4dO83kPugUjWQlHZl_Hdt0oVuz8ycl0q4rSVtPS9pFnVWMKjT70jIj1x3Inest6a51XWZSe-KPmjX1yb5eTncv4OCvXxrCxAsCCJx9tNkgpUQxImLBixbT-gZYg4wRjNG9gLivCcgZyK5OKj3BwZ-N6s:1oVmnr:xPrrt8cfCRwE_suaVkIUwXvQVFTcgLnuS1ToVRmluko','2022-09-21 04:36:43.562494');
insert  into `django_session`(`session_key`,`session_data`,`expire_date`) values ('ymk8h71da2z0rfh4ymi3ynvg45aytich','.eJxVjMsOwiAUBf-FtSHcFgK4dO83kPugUjWQlHZl_Hdt0oVuz8ycl0q4rSVtPS9pFnVWMKjT70jIj1x3Inest6a51XWZSe-KPmjX1yb5eTncv4OCvXxrCxAsCCJx9tNkgpUQxImLBixbT-gZYg4wRjNG9gLivCcgZyK5OKj3BwZ-N6s:1oVS9W:hXq077_D7yOZxh3EBiwFby6_uMkafNyttdQpfvyhyr0','2022-09-20 06:33:42.772839');
insert  into `django_session`(`session_key`,`session_data`,`expire_date`) values ('ynr188cbm9j7dklfqob8i9livnch1z1y','.eJxVjMsOwiAUBf-FtSHcFgK4dO83kPugUjWQlHZl_Hdt0oVuz8ycl0q4rSVtPS9pFnVWMKjT70jIj1x3Inest6a51XWZSe-KPmjX1yb5eTncv4OCvXxrCxAsCCJx9tNkgpUQxImLBixbT-gZYg4wRjNG9gLivCcgZyK5OKj3BwZ-N6s:1oVmUH:agccI01HS9xYsnEFZ9J5pNv-3Y4a7YdFy_SeyZVhFPI','2022-09-21 04:16:29.737541');
insert  into `django_session`(`session_key`,`session_data`,`expire_date`) values ('ynrcxxachzbcugltw8oc1tfnakoxcwcf','.eJxVjMEOwiAQBf-FsyHAQgGP3v0GAssiVQNJaU_Gf9cmPej1zcx7sRC3tYZt0BLmzM5MAjv9jinig9pO8j22W-fY27rMie8KP-jg157peTncv4MaR_3WaAinSQAhSo9QTKFiZRROK50KZKCsdNZaK-cVOY_CAVkL3ngCVIm9Pxo9OBc:1oVxdv:AEPVk40Addh0JIIrMG4Hia2l8t5nQOlQcbLF7t1zA2w','2022-09-21 16:11:11.864143');
insert  into `django_session`(`session_key`,`session_data`,`expire_date`) values ('yqsfe4vh6em5uj10szofbsmzuvsqqhr7','.eJxVjMsOwiAUBf-FtSHcFgK4dO83kPugUjWQlHZl_Hdt0oVuz8ycl0q4rSVtPS9pFnVWMKjT70jIj1x3Inest6a51XWZSe-KPmjX1yb5eTncv4OCvXxrCxAsCCJx9tNkgpUQxImLBixbT-gZYg4wRjNG9gLivCcgZyK5OKj3BwZ-N6s:1oVmRM:20aW03YeoU_0PggWFxqhJf_ji_8SCeSyjTjnmfqcm-Y','2022-09-21 04:13:28.370313');
insert  into `django_session`(`session_key`,`session_data`,`expire_date`) values ('yqzn4xbw7tvmmxqqid80p0kpmgzbkwel','.eJxVjMEOwiAQBf-FsyHAQgGP3v0GAssiVQNJaU_Gf9cmPej1zcx7sRC3tYZt0BLmzM5MAjv9jinig9pO8j22W-fY27rMie8KP-jg157peTncv4MaR_3WaAinSQAhSo9QTKFiZRROK50KZKCsdNZaK-cVOY_CAVkL3ngCVIm9Pxo9OBc:1oW9Za:REJWvlU4SWLH0MEXLTZ35Ph_6IaHkkoM1AUXVtvI0go','2022-09-22 04:55:30.943399');
insert  into `django_session`(`session_key`,`session_data`,`expire_date`) values ('yrwxccwkjse8hiz74z59qzr2k1w8mf2c','.eJxVjMEOwiAQBf-FsyHAQgGP3v0GAssiVQNJaU_Gf9cmPej1zcx7sRC3tYZt0BLmzM5MAjv9jinig9pO8j22W-fY27rMie8KP-jg157peTncv4MaR_3WaAinSQAhSo9QTKFiZRROK50KZKCsdNZaK-cVOY_CAVkL3ngCVIm9Pxo9OBc:1oXcnG:HRniEZ85yhC6hxTvGAQtWoPeC1yKcx-3wtgp7b4RO3Y','2022-09-26 06:19:42.837885');
insert  into `django_session`(`session_key`,`session_data`,`expire_date`) values ('yt0plp8a2nv62rre7q26hucvc0r0t6j3','.eJxVjMEOwiAQBf-FsyHAQgGP3v0GAssiVQNJaU_Gf9cmPej1zcx7sRC3tYZt0BLmzM5MAjv9jinig9pO8j22W-fY27rMie8KP-jg157peTncv4MaR_3WaAinSQAhSo9QTKFiZRROK50KZKCsdNZaK-cVOY_CAVkL3ngCVIm9Pxo9OBc:1oWbOc:7BBy7830dGeJzI6LNt2ghrS7ux6wa5JGhTnVZpDrRKE','2022-09-23 10:38:02.435301');
insert  into `django_session`(`session_key`,`session_data`,`expire_date`) values ('yusz9dkyqxi8ns047ttyu8es6j6720e5','.eJxVjMsOwiAUBf-FtSHcFgK4dO83kPugUjWQlHZl_Hdt0oVuz8ycl0q4rSVtPS9pFnVWMKjT70jIj1x3Inest6a51XWZSe-KPmjX1yb5eTncv4OCvXxrCxAsCCJx9tNkgpUQxImLBixbT-gZYg4wRjNG9gLivCcgZyK5OKj3BwZ-N6s:1oY1b2:of9jQkNEAjZ8349HUNjpiIheCLeh0o9VB41B1KyBrHw','2022-09-27 08:48:44.677575');
insert  into `django_session`(`session_key`,`session_data`,`expire_date`) values ('yv64yh1du4qvg2xa86oendt7stzxn4si','.eJxVjMsOwiAUBf-FtSHcFgK4dO83kPugUjWQlHZl_Hdt0oVuz8ycl0q4rSVtPS9pFnVWMKjT70jIj1x3Inest6a51XWZSe-KPmjX1yb5eTncv4OCvXxrCxAsCCJx9tNkgpUQxImLBixbT-gZYg4wRjNG9gLivCcgZyK5OKj3BwZ-N6s:1oWCkc:CiPc3klGrRnrnaoOTk_Y2vMGtP2EUzGa4uP_o4n8iHo','2022-09-22 08:19:06.451849');
insert  into `django_session`(`session_key`,`session_data`,`expire_date`) values ('yzvbqdl1j4s7o5fvmz455ysmqzc4kp5m','.eJxVjMsOwiAUBf-FtSHcFgK4dO83kPugUjWQlHZl_Hdt0oVuz8ycl0q4rSVtPS9pFnVWMKjT70jIj1x3Inest6a51XWZSe-KPmjX1yb5eTncv4OCvXxrCxAsCCJx9tNkgpUQxImLBixbT-gZYg4wRjNG9gLivCcgZyK5OKj3BwZ-N6s:1oWCnT:Ibn4Kw48iMDwJ_H9xKcKJrzqsIdohwsEtvPieKDR0SU','2022-09-22 08:22:03.517751');
insert  into `django_session`(`session_key`,`session_data`,`expire_date`) values ('z2gs10tr9u7g2npz6y0qf8k66gt5sehd','.eJxVjMsOwiAUBf-FtSHcFgK4dO83kPugUjWQlHZl_Hdt0oVuz8ycl0q4rSVtPS9pFnVWMKjT70jIj1x3Inest6a51XWZSe-KPmjX1yb5eTncv4OCvXxrCxAsCCJx9tNkgpUQxImLBixbT-gZYg4wRjNG9gLivCcgZyK5OKj3BwZ-N6s:1oWIXG:hX-fjjaN2MAm58LT-dYj7vT3e9E9fXt_dlofJ39a_r0','2022-09-22 14:29:42.063841');
insert  into `django_session`(`session_key`,`session_data`,`expire_date`) values ('z3l99rdtisl01v17yf87c7e2bqjiv8sv','.eJxVjEsOAiEQBe_C2hAQ6AaX7ucMhIbGGTWQzGdlvLtOMgvdvqp6LxHTto5xW3iOUxEX4cTpd6OUH9x2UO6p3brMva3zRHJX5EEXOfTCz-vh_h2MaRm_dSBQwJjd2WElNkFhVZ5Yk1dg0ADVErQrqIFCZVQmEBXnmRCsBSveH9wJN5Q:1oTJjG:qmiVv3zX1A6Eunj0Ro9OS4aTsxKbxElYLMvPb_CqT9M','2022-09-14 09:09:46.085704');
insert  into `django_session`(`session_key`,`session_data`,`expire_date`) values ('z4zszc1546zkvswnja8lauof6pqfgw30','.eJxVjMsOwiAUBf-FtSHcFgK4dO83kPugUjWQlHZl_Hdt0oVuz8ycl0q4rSVtPS9pFnVWMKjT70jIj1x3Inest6a51XWZSe-KPmjX1yb5eTncv4OCvXxrCxAsCCJx9tNkgpUQxImLBixbT-gZYg4wRjNG9gLivCcgZyK5OKj3BwZ-N6s:1oVnR2:_Ezh2xm-ABJGlpk52EqKg3kWnkpD2zaHe7jmxFn-ll8','2022-09-21 05:17:12.082120');
insert  into `django_session`(`session_key`,`session_data`,`expire_date`) values ('z7zs3e5v4s8pckupg2df8xgj41gw4olk','.eJxVjMsOwiAUBf-FtSHcFgK4dO83kPugUjWQlHZl_Hdt0oVuz8ycl0q4rSVtPS9pFnVWMKjT70jIj1x3Inest6a51XWZSe-KPmjX1yb5eTncv4OCvXxrCxAsCCJx9tNkgpUQxImLBixbT-gZYg4wRjNG9gLivCcgZyK5OKj3BwZ-N6s:1oVmIw:bt0uQtM_ii9vIPEJ880YCf7Fz0dqUih0ngmiAcDa5-0','2022-09-21 04:04:46.845752');
insert  into `django_session`(`session_key`,`session_data`,`expire_date`) values ('z964gjgu7vs9h2oqpxzlsa5pfuw6x95x','.eJxVjMsOwiAUBf-FtSHcFgK4dO83kPugUjWQlHZl_Hdt0oVuz8ycl0q4rSVtPS9pFnVWMKjT70jIj1x3Inest6a51XWZSe-KPmjX1yb5eTncv4OCvXxrCxAsCCJx9tNkgpUQxImLBixbT-gZYg4wRjNG9gLivCcgZyK5OKj3BwZ-N6s:1oWC7a:4JaGGAqQQPfA09Jr7xj9ppM_H3gRokhbd9NXruSU9vI','2022-09-22 07:38:46.123497');
insert  into `django_session`(`session_key`,`session_data`,`expire_date`) values ('z96c0kwrfqd7mjcfp9p39f3orhu1vrt3','.eJxVjMsOwiAUBf-FtSHcFgK4dO83kPugUjWQlHZl_Hdt0oVuz8ycl0q4rSVtPS9pFnVWMKjT70jIj1x3Inest6a51XWZSe-KPmjX1yb5eTncv4OCvXxrCxAsCCJx9tNkgpUQxImLBixbT-gZYg4wRjNG9gLivCcgZyK5OKj3BwZ-N6s:1oVo59:bGq_aimxpiB1eeyex50hnyj7eEWFKF_G5QzBvRGdxDk','2022-09-21 05:58:39.355340');
insert  into `django_session`(`session_key`,`session_data`,`expire_date`) values ('zctungofkhnq4r7fwpuvwbl3702tgsps','.eJxVjMEOwiAQBf-FsyHAQgGP3v0GAssiVQNJaU_Gf9cmPej1zcx7sRC3tYZt0BLmzM5MAjv9jinig9pO8j22W-fY27rMie8KP-jg157peTncv4MaR_3WaAinSQAhSo9QTKFiZRROK50KZKCsdNZaK-cVOY_CAVkL3ngCVIm9Pxo9OBc:1oVpD8:5iQxmo8eKIwUSyQr5UdQUvQ_NQvb2lNjtaZVfUJ1EsA','2022-09-21 07:10:58.231110');
insert  into `django_session`(`session_key`,`session_data`,`expire_date`) values ('zemkocfbycqthqbxnvd69w54d9omu1ok','.eJxVjMEOwiAQBf-FsyHAQgGP3v0GAssiVQNJaU_Gf9cmPej1zcx7sRC3tYZt0BLmzM5MAjv9jinig9pO8j22W-fY27rMie8KP-jg157peTncv4MaR_3WaAinSQAhSo9QTKFiZRROK50KZKCsdNZaK-cVOY_CAVkL3ngCVIm9Pxo9OBc:1oW9Vc:II-vx2PEBeAyyUbm3MfUFWuKrxcKsrRYV03VwAvAsfE','2022-09-22 04:51:24.682975');
insert  into `django_session`(`session_key`,`session_data`,`expire_date`) values ('zg6cv8amwwgropzgl1k1315f58v2lqh9','.eJxVjMEOwiAQBf-FsyHAQgGP3v0GAssiVQNJaU_Gf9cmPej1zcx7sRC3tYZt0BLmzM5MAjv9jinig9pO8j22W-fY27rMie8KP-jg157peTncv4MaR_3WaAinSQAhSo9QTKFiZRROK50KZKCsdNZaK-cVOY_CAVkL3ngCVIm9Pxo9OBc:1oVpuX:KbbO-1Fyssje7hbjv2nr-P3Bb2GR0YULxtwdyvyOMe0','2022-09-21 07:55:49.301321');
insert  into `django_session`(`session_key`,`session_data`,`expire_date`) values ('zgt01h9ktm06lyzqqqiugqaps8dk0w88','.eJxVjMsOwiAUBf-FtSHcFgK4dO83kPugUjWQlHZl_Hdt0oVuz8ycl0q4rSVtPS9pFnVWMKjT70jIj1x3Inest6a51XWZSe-KPmjX1yb5eTncv4OCvXxrCxAsCCJx9tNkgpUQxImLBixbT-gZYg4wRjNG9gLivCcgZyK5OKj3BwZ-N6s:1oVxDo:-HF4noHcGUH1rmR5Lil6KqqWN2u5F4jMUPjEtuFBNdA','2022-09-21 15:44:12.602805');
insert  into `django_session`(`session_key`,`session_data`,`expire_date`) values ('zjrhamubezrje6jyqte7u01n8mdtxzl2','.eJxVjMEOwiAQBf-FsyHAQgGP3v0GAssiVQNJaU_Gf9cmPej1zcx7sRC3tYZt0BLmzM5MAjv9jinig9pO8j22W-fY27rMie8KP-jg157peTncv4MaR_3WaAinSQAhSo9QTKFiZRROK50KZKCsdNZaK-cVOY_CAVkL3ngCVIm9Pxo9OBc:1oYMKn:69GunNPbpMFq-VrtNHAjefQUwPBIS5P0N9CfqNuQI0w','2022-09-28 06:57:21.937116');
insert  into `django_session`(`session_key`,`session_data`,`expire_date`) values ('zl1x0i944wa0g8chn0k87r8idmniufyy','.eJxVjDsOwjAQBe_iGln-xjIlPWewdr1rHECOFCdVxN1JpBTQvpl5m0iwLjWtnec0krgK7cTld0TIL24HoSe0xyTz1JZ5RHko8qRd3ifi9-10_w4q9LrXEVSwFqIJTivLmah4BewiG-tBF-9RYTagUOewazxE681Qoo7IRCQ-XwGvOFU:1oXeEJ:utBV4Tzhbcf0XSRy2eG-9JjspKee4Ba16UytZVD1qhQ','2022-09-26 07:51:43.719653');
insert  into `django_session`(`session_key`,`session_data`,`expire_date`) values ('zm29oa1by96qvlnftcud7vq8j046l3c6','.eJxVjMsOwiAUBf-FtSHcFgK4dO83kPugUjWQlHZl_Hdt0oVuz8ycl0q4rSVtPS9pFnVWMKjT70jIj1x3Inest6a51XWZSe-KPmjX1yb5eTncv4OCvXxrCxAsCCJx9tNkgpUQxImLBixbT-gZYg4wRjNG9gLivCcgZyK5OKj3BwZ-N6s:1oVTHI:51qo9eGmGUvKs2SSO-3sS98V7RFJcIrXNj0zd_9MCJs','2022-09-20 07:45:48.224744');
insert  into `django_session`(`session_key`,`session_data`,`expire_date`) values ('zm2z4poi2sclvofei3jnppf1fr65aovr','.eJxVjMsOwiAUBf-FtSHcFgK4dO83kPugUjWQlHZl_Hdt0oVuz8ycl0q4rSVtPS9pFnVWMKjT70jIj1x3Inest6a51XWZSe-KPmjX1yb5eTncv4OCvXxrCxAsCCJx9tNkgpUQxImLBixbT-gZYg4wRjNG9gLivCcgZyK5OKj3BwZ-N6s:1oWDDr:9kxP5zgVgIIZlJHeflAuXMzYHA3LrKtHUjqXK0EOHMw','2022-09-22 08:49:19.479492');
insert  into `django_session`(`session_key`,`session_data`,`expire_date`) values ('zo3qm49up6g1gsnqeka3m6q8oio0fz8g','.eJxVjMsOwiAUBf-FtSHcFgK4dO83kPugUjWQlHZl_Hdt0oVuz8ycl0q4rSVtPS9pFnVWMKjT70jIj1x3Inest6a51XWZSe-KPmjX1yb5eTncv4OCvXxrCxAsCCJx9tNkgpUQxImLBixbT-gZYg4wRjNG9gLivCcgZyK5OKj3BwZ-N6s:1oVvon:QzUaAbTMTTvUcbyRrgdg3HitOKByI5HxxMEFf0KB4gg','2022-09-21 14:14:17.408554');
insert  into `django_session`(`session_key`,`session_data`,`expire_date`) values ('zqtrbqb374wdoqu8znohsgswefy0xn9u','.eJxVjMsOwiAUBf-FtSHcFgK4dO83kPugUjWQlHZl_Hdt0oVuz8ycl0q4rSVtPS9pFnVWMKjT70jIj1x3Inest6a51XWZSe-KPmjX1yb5eTncv4OCvXxrCxAsCCJx9tNkgpUQxImLBixbT-gZYg4wRjNG9gLivCcgZyK5OKj3BwZ-N6s:1oY0ku:wqDVlhu62nRy0vAz3L9wHp9A1hUrsepbhfjjbATaDTk','2022-09-27 07:54:52.511266');
insert  into `django_session`(`session_key`,`session_data`,`expire_date`) values ('zv1czsyzs66admk1khjsjyx79gjan157','.eJxVjMsOwiAUBf-FtSHcFgK4dO83kPugUjWQlHZl_Hdt0oVuz8ycl0q4rSVtPS9pFnVWMKjT70jIj1x3Inest6a51XWZSe-KPmjX1yb5eTncv4OCvXxrCxAsCCJx9tNkgpUQxImLBixbT-gZYg4wRjNG9gLivCcgZyK5OKj3BwZ-N6s:1oVw1w:buWkaYIzkMPMRuPsD6bSf0Gwv_TjFt64_KJ5CHOY29M','2022-09-21 14:27:52.636375');

UNLOCK TABLES;

/*Table structure for table `tb_absensi` */

DROP TABLE IF EXISTS `tb_absensi`;

CREATE TABLE `tb_absensi` (
  `id_absensi` int(11) NOT NULL AUTO_INCREMENT,
  `id_agenda` int(11) DEFAULT NULL,
  `id_user` int(11) DEFAULT NULL,
  `status_absensi` int(11) DEFAULT '1',
  PRIMARY KEY (`id_absensi`),
  KEY `id_user` (`id_user`),
  KEY `id_agenda` (`id_agenda`),
  CONSTRAINT `tb_absensi_ibfk_1` FOREIGN KEY (`id_user`) REFERENCES `auth_user` (`id`) ON DELETE SET NULL ON UPDATE SET NULL,
  CONSTRAINT `tb_absensi_ibfk_2` FOREIGN KEY (`id_agenda`) REFERENCES `tb_agenda` (`id_agenda`) ON DELETE CASCADE ON UPDATE CASCADE
) ENGINE=InnoDB AUTO_INCREMENT=745 DEFAULT CHARSET=latin1;

/*Data for the table `tb_absensi` */

LOCK TABLES `tb_absensi` WRITE;

insert  into `tb_absensi`(`id_absensi`,`id_agenda`,`id_user`,`status_absensi`) values (478,115,9,1);
insert  into `tb_absensi`(`id_absensi`,`id_agenda`,`id_user`,`status_absensi`) values (479,115,10,1);
insert  into `tb_absensi`(`id_absensi`,`id_agenda`,`id_user`,`status_absensi`) values (480,115,11,1);
insert  into `tb_absensi`(`id_absensi`,`id_agenda`,`id_user`,`status_absensi`) values (481,115,12,1);
insert  into `tb_absensi`(`id_absensi`,`id_agenda`,`id_user`,`status_absensi`) values (482,115,13,1);
insert  into `tb_absensi`(`id_absensi`,`id_agenda`,`id_user`,`status_absensi`) values (483,115,14,1);
insert  into `tb_absensi`(`id_absensi`,`id_agenda`,`id_user`,`status_absensi`) values (484,116,9,1);
insert  into `tb_absensi`(`id_absensi`,`id_agenda`,`id_user`,`status_absensi`) values (485,116,10,1);
insert  into `tb_absensi`(`id_absensi`,`id_agenda`,`id_user`,`status_absensi`) values (486,116,11,1);
insert  into `tb_absensi`(`id_absensi`,`id_agenda`,`id_user`,`status_absensi`) values (487,116,12,1);
insert  into `tb_absensi`(`id_absensi`,`id_agenda`,`id_user`,`status_absensi`) values (488,116,13,1);
insert  into `tb_absensi`(`id_absensi`,`id_agenda`,`id_user`,`status_absensi`) values (489,116,14,1);
insert  into `tb_absensi`(`id_absensi`,`id_agenda`,`id_user`,`status_absensi`) values (490,117,9,1);
insert  into `tb_absensi`(`id_absensi`,`id_agenda`,`id_user`,`status_absensi`) values (491,117,10,1);
insert  into `tb_absensi`(`id_absensi`,`id_agenda`,`id_user`,`status_absensi`) values (492,117,11,1);
insert  into `tb_absensi`(`id_absensi`,`id_agenda`,`id_user`,`status_absensi`) values (493,117,12,1);
insert  into `tb_absensi`(`id_absensi`,`id_agenda`,`id_user`,`status_absensi`) values (494,117,13,1);
insert  into `tb_absensi`(`id_absensi`,`id_agenda`,`id_user`,`status_absensi`) values (495,117,14,1);
insert  into `tb_absensi`(`id_absensi`,`id_agenda`,`id_user`,`status_absensi`) values (496,118,9,1);
insert  into `tb_absensi`(`id_absensi`,`id_agenda`,`id_user`,`status_absensi`) values (497,118,10,1);
insert  into `tb_absensi`(`id_absensi`,`id_agenda`,`id_user`,`status_absensi`) values (498,118,11,1);
insert  into `tb_absensi`(`id_absensi`,`id_agenda`,`id_user`,`status_absensi`) values (499,118,12,1);
insert  into `tb_absensi`(`id_absensi`,`id_agenda`,`id_user`,`status_absensi`) values (500,118,13,1);
insert  into `tb_absensi`(`id_absensi`,`id_agenda`,`id_user`,`status_absensi`) values (501,118,14,1);
insert  into `tb_absensi`(`id_absensi`,`id_agenda`,`id_user`,`status_absensi`) values (738,158,9,1);
insert  into `tb_absensi`(`id_absensi`,`id_agenda`,`id_user`,`status_absensi`) values (739,158,10,1);
insert  into `tb_absensi`(`id_absensi`,`id_agenda`,`id_user`,`status_absensi`) values (740,158,11,1);
insert  into `tb_absensi`(`id_absensi`,`id_agenda`,`id_user`,`status_absensi`) values (741,158,12,1);
insert  into `tb_absensi`(`id_absensi`,`id_agenda`,`id_user`,`status_absensi`) values (742,158,13,1);
insert  into `tb_absensi`(`id_absensi`,`id_agenda`,`id_user`,`status_absensi`) values (743,158,14,1);
insert  into `tb_absensi`(`id_absensi`,`id_agenda`,`id_user`,`status_absensi`) values (744,158,15,1);

UNLOCK TABLES;

/*Table structure for table `tb_agenda` */

DROP TABLE IF EXISTS `tb_agenda`;

CREATE TABLE `tb_agenda` (
  `id_agenda` int(11) NOT NULL AUTO_INCREMENT,
  `nama_agenda` varchar(255) DEFAULT NULL,
  `id_jenis_agenda` int(11) DEFAULT NULL,
  `deskripsi_agenda` text,
  `tanggal_agenda` datetime DEFAULT NULL,
  `hasil_agenda` text,
  `id_iuran` int(11) DEFAULT NULL,
  `id_user_created` int(11) DEFAULT NULL,
  PRIMARY KEY (`id_agenda`),
  KEY `id_iuran` (`id_iuran`),
  KEY `id_jenis_agenda` (`id_jenis_agenda`),
  CONSTRAINT `tb_agenda_ibfk_1` FOREIGN KEY (`id_iuran`) REFERENCES `tb_iuran` (`id_iuran`) ON DELETE SET NULL ON UPDATE SET NULL,
  CONSTRAINT `tb_agenda_ibfk_2` FOREIGN KEY (`id_jenis_agenda`) REFERENCES `tb_jenis_agenda` (`id_jenis_agenda`) ON DELETE SET NULL ON UPDATE SET NULL
) ENGINE=InnoDB AUTO_INCREMENT=159 DEFAULT CHARSET=latin1;

/*Data for the table `tb_agenda` */

LOCK TABLES `tb_agenda` WRITE;

insert  into `tb_agenda`(`id_agenda`,`nama_agenda`,`id_jenis_agenda`,`deskripsi_agenda`,`tanggal_agenda`,`hasil_agenda`,`id_iuran`,`id_user_created`) values (115,'Rapat Bulanan Januari 2022',1,'Rapat Bulanan','2022-09-13 13:53:00','Iuran & Absensi',1,12);
insert  into `tb_agenda`(`id_agenda`,`nama_agenda`,`id_jenis_agenda`,`deskripsi_agenda`,`tanggal_agenda`,`hasil_agenda`,`id_iuran`,`id_user_created`) values (116,'Rapat Bulanan Februari 2022',1,'Rapat Bulanan','2022-09-13 13:53:00','Iuran & Absensi',1,12);
insert  into `tb_agenda`(`id_agenda`,`nama_agenda`,`id_jenis_agenda`,`deskripsi_agenda`,`tanggal_agenda`,`hasil_agenda`,`id_iuran`,`id_user_created`) values (117,'Absensi Ogoh - Ogoh Agustus 2022',6,'Ogoh - Ogoh','2022-09-14 13:54:00','Absensi',1,12);
insert  into `tb_agenda`(`id_agenda`,`nama_agenda`,`id_jenis_agenda`,`deskripsi_agenda`,`tanggal_agenda`,`hasil_agenda`,`id_iuran`,`id_user_created`) values (118,'Absensi HUT Oktober 2022',5,'HUT','2022-09-13 13:55:00','Absensi',1,12);
insert  into `tb_agenda`(`id_agenda`,`nama_agenda`,`id_jenis_agenda`,`deskripsi_agenda`,`tanggal_agenda`,`hasil_agenda`,`id_iuran`,`id_user_created`) values (158,'test pengerampungan',2,'Rapat Pengerampungan','2022-09-15 11:36:00','Iuran & Absensi',1,12);

UNLOCK TABLES;

/*Table structure for table `tb_barang` */

DROP TABLE IF EXISTS `tb_barang`;

CREATE TABLE `tb_barang` (
  `id_barang` int(11) NOT NULL AUTO_INCREMENT,
  `nama_barang` varchar(255) DEFAULT NULL,
  `jenis_barang` varchar(255) DEFAULT NULL,
  `kategori_barang` varchar(255) DEFAULT NULL,
  `harga_barang` int(11) DEFAULT NULL,
  `admin_id` int(11) DEFAULT NULL,
  PRIMARY KEY (`id_barang`)
) ENGINE=InnoDB AUTO_INCREMENT=6 DEFAULT CHARSET=latin1;

/*Data for the table `tb_barang` */

LOCK TABLES `tb_barang` WRITE;

insert  into `tb_barang`(`id_barang`,`nama_barang`,`jenis_barang`,`kategori_barang`,`harga_barang`,`admin_id`) values (1,'eggs','jenisbarang1','kategoribarang1',100000,2);
insert  into `tb_barang`(`id_barang`,`nama_barang`,`jenis_barang`,`kategori_barang`,`harga_barang`,`admin_id`) values (2,'bacon','jenisbarang2','kategoribarang2',200000,2);
insert  into `tb_barang`(`id_barang`,`nama_barang`,`jenis_barang`,`kategori_barang`,`harga_barang`,`admin_id`) values (3,'soap','jenisbarang3','kategoribarang3',300000,2);
insert  into `tb_barang`(`id_barang`,`nama_barang`,`jenis_barang`,`kategori_barang`,`harga_barang`,`admin_id`) values (4,'apple','jenisbarang4','kategoribarang4',400000,2);
insert  into `tb_barang`(`id_barang`,`nama_barang`,`jenis_barang`,`kategori_barang`,`harga_barang`,`admin_id`) values (5,'banana','jenisbarang5','kategoribarang5',500000,2);

UNLOCK TABLES;

/*Table structure for table `tb_iuran` */

DROP TABLE IF EXISTS `tb_iuran`;

CREATE TABLE `tb_iuran` (
  `id_iuran` int(11) NOT NULL AUTO_INCREMENT,
  `jumlah_iuran` int(11) DEFAULT NULL,
  `id_user_created` int(11) DEFAULT NULL,
  PRIMARY KEY (`id_iuran`)
) ENGINE=InnoDB AUTO_INCREMENT=10 DEFAULT CHARSET=latin1;

/*Data for the table `tb_iuran` */

LOCK TABLES `tb_iuran` WRITE;

insert  into `tb_iuran`(`id_iuran`,`jumlah_iuran`,`id_user_created`) values (1,2000,13);
insert  into `tb_iuran`(`id_iuran`,`jumlah_iuran`,`id_user_created`) values (2,5000,13);
insert  into `tb_iuran`(`id_iuran`,`jumlah_iuran`,`id_user_created`) values (3,10000,13);
insert  into `tb_iuran`(`id_iuran`,`jumlah_iuran`,`id_user_created`) values (7,0,13);
insert  into `tb_iuran`(`id_iuran`,`jumlah_iuran`,`id_user_created`) values (9,NULL,13);

UNLOCK TABLES;

/*Table structure for table `tb_iuran_rekap` */

DROP TABLE IF EXISTS `tb_iuran_rekap`;

CREATE TABLE `tb_iuran_rekap` (
  `id_iuran_rekap` int(11) NOT NULL AUTO_INCREMENT,
  `id_agenda` int(11) DEFAULT NULL,
  `id_user` int(11) DEFAULT NULL,
  `iuran` int(11) DEFAULT NULL,
  `status_iuran` int(11) DEFAULT '1',
  `total_iuran` int(11) DEFAULT NULL,
  PRIMARY KEY (`id_iuran_rekap`),
  KEY `id_user` (`id_user`),
  KEY `id_agenda` (`id_agenda`),
  CONSTRAINT `tb_iuran_rekap_ibfk_1` FOREIGN KEY (`id_user`) REFERENCES `auth_user` (`id`) ON DELETE SET NULL ON UPDATE SET NULL,
  CONSTRAINT `tb_iuran_rekap_ibfk_2` FOREIGN KEY (`id_agenda`) REFERENCES `tb_agenda` (`id_agenda`) ON DELETE CASCADE ON UPDATE CASCADE
) ENGINE=InnoDB AUTO_INCREMENT=411 DEFAULT CHARSET=latin1;

/*Data for the table `tb_iuran_rekap` */

LOCK TABLES `tb_iuran_rekap` WRITE;

insert  into `tb_iuran_rekap`(`id_iuran_rekap`,`id_agenda`,`id_user`,`iuran`,`status_iuran`,`total_iuran`) values (276,115,9,2000,1,2000);
insert  into `tb_iuran_rekap`(`id_iuran_rekap`,`id_agenda`,`id_user`,`iuran`,`status_iuran`,`total_iuran`) values (277,115,10,2000,1,2000);
insert  into `tb_iuran_rekap`(`id_iuran_rekap`,`id_agenda`,`id_user`,`iuran`,`status_iuran`,`total_iuran`) values (278,115,11,2000,1,2000);
insert  into `tb_iuran_rekap`(`id_iuran_rekap`,`id_agenda`,`id_user`,`iuran`,`status_iuran`,`total_iuran`) values (279,115,12,2000,1,2000);
insert  into `tb_iuran_rekap`(`id_iuran_rekap`,`id_agenda`,`id_user`,`iuran`,`status_iuran`,`total_iuran`) values (280,115,13,2000,1,2000);
insert  into `tb_iuran_rekap`(`id_iuran_rekap`,`id_agenda`,`id_user`,`iuran`,`status_iuran`,`total_iuran`) values (281,115,14,2000,2,2000);
insert  into `tb_iuran_rekap`(`id_iuran_rekap`,`id_agenda`,`id_user`,`iuran`,`status_iuran`,`total_iuran`) values (282,116,9,2000,1,2000);
insert  into `tb_iuran_rekap`(`id_iuran_rekap`,`id_agenda`,`id_user`,`iuran`,`status_iuran`,`total_iuran`) values (283,116,10,2000,1,2000);
insert  into `tb_iuran_rekap`(`id_iuran_rekap`,`id_agenda`,`id_user`,`iuran`,`status_iuran`,`total_iuran`) values (284,116,11,2000,1,2000);
insert  into `tb_iuran_rekap`(`id_iuran_rekap`,`id_agenda`,`id_user`,`iuran`,`status_iuran`,`total_iuran`) values (285,116,12,2000,1,2000);
insert  into `tb_iuran_rekap`(`id_iuran_rekap`,`id_agenda`,`id_user`,`iuran`,`status_iuran`,`total_iuran`) values (286,116,13,2000,1,2000);
insert  into `tb_iuran_rekap`(`id_iuran_rekap`,`id_agenda`,`id_user`,`iuran`,`status_iuran`,`total_iuran`) values (287,116,14,2000,2,2000);
insert  into `tb_iuran_rekap`(`id_iuran_rekap`,`id_agenda`,`id_user`,`iuran`,`status_iuran`,`total_iuran`) values (288,117,9,2000,1,2000);
insert  into `tb_iuran_rekap`(`id_iuran_rekap`,`id_agenda`,`id_user`,`iuran`,`status_iuran`,`total_iuran`) values (289,117,10,2000,1,2000);
insert  into `tb_iuran_rekap`(`id_iuran_rekap`,`id_agenda`,`id_user`,`iuran`,`status_iuran`,`total_iuran`) values (290,117,11,2000,1,2000);
insert  into `tb_iuran_rekap`(`id_iuran_rekap`,`id_agenda`,`id_user`,`iuran`,`status_iuran`,`total_iuran`) values (291,117,12,2000,1,2000);
insert  into `tb_iuran_rekap`(`id_iuran_rekap`,`id_agenda`,`id_user`,`iuran`,`status_iuran`,`total_iuran`) values (292,117,13,2000,1,2000);
insert  into `tb_iuran_rekap`(`id_iuran_rekap`,`id_agenda`,`id_user`,`iuran`,`status_iuran`,`total_iuran`) values (293,117,14,2000,1,2000);
insert  into `tb_iuran_rekap`(`id_iuran_rekap`,`id_agenda`,`id_user`,`iuran`,`status_iuran`,`total_iuran`) values (294,118,9,2000,1,2000);
insert  into `tb_iuran_rekap`(`id_iuran_rekap`,`id_agenda`,`id_user`,`iuran`,`status_iuran`,`total_iuran`) values (295,118,10,2000,1,2000);
insert  into `tb_iuran_rekap`(`id_iuran_rekap`,`id_agenda`,`id_user`,`iuran`,`status_iuran`,`total_iuran`) values (296,118,11,2000,1,2000);
insert  into `tb_iuran_rekap`(`id_iuran_rekap`,`id_agenda`,`id_user`,`iuran`,`status_iuran`,`total_iuran`) values (297,118,12,2000,1,2000);
insert  into `tb_iuran_rekap`(`id_iuran_rekap`,`id_agenda`,`id_user`,`iuran`,`status_iuran`,`total_iuran`) values (298,118,13,2000,1,2000);
insert  into `tb_iuran_rekap`(`id_iuran_rekap`,`id_agenda`,`id_user`,`iuran`,`status_iuran`,`total_iuran`) values (299,118,14,2000,1,2000);
insert  into `tb_iuran_rekap`(`id_iuran_rekap`,`id_agenda`,`id_user`,`iuran`,`status_iuran`,`total_iuran`) values (404,158,9,2000,1,10000);
insert  into `tb_iuran_rekap`(`id_iuran_rekap`,`id_agenda`,`id_user`,`iuran`,`status_iuran`,`total_iuran`) values (405,158,10,2000,1,10000);
insert  into `tb_iuran_rekap`(`id_iuran_rekap`,`id_agenda`,`id_user`,`iuran`,`status_iuran`,`total_iuran`) values (406,158,11,2000,1,10000);
insert  into `tb_iuran_rekap`(`id_iuran_rekap`,`id_agenda`,`id_user`,`iuran`,`status_iuran`,`total_iuran`) values (407,158,12,2000,1,10000);
insert  into `tb_iuran_rekap`(`id_iuran_rekap`,`id_agenda`,`id_user`,`iuran`,`status_iuran`,`total_iuran`) values (408,158,13,2000,1,10000);
insert  into `tb_iuran_rekap`(`id_iuran_rekap`,`id_agenda`,`id_user`,`iuran`,`status_iuran`,`total_iuran`) values (409,158,14,2000,1,6000);
insert  into `tb_iuran_rekap`(`id_iuran_rekap`,`id_agenda`,`id_user`,`iuran`,`status_iuran`,`total_iuran`) values (410,158,15,2000,1,2000);

UNLOCK TABLES;

/*Table structure for table `tb_jenis_agenda` */

DROP TABLE IF EXISTS `tb_jenis_agenda`;

CREATE TABLE `tb_jenis_agenda` (
  `id_jenis_agenda` int(11) NOT NULL AUTO_INCREMENT,
  `nama_jenis_agenda` varchar(255) DEFAULT NULL,
  `id_user_created` int(11) DEFAULT NULL,
  PRIMARY KEY (`id_jenis_agenda`)
) ENGINE=InnoDB AUTO_INCREMENT=9 DEFAULT CHARSET=latin1;

/*Data for the table `tb_jenis_agenda` */

LOCK TABLES `tb_jenis_agenda` WRITE;

insert  into `tb_jenis_agenda`(`id_jenis_agenda`,`nama_jenis_agenda`,`id_user_created`) values (1,'Rapat Bulanan',12);
insert  into `tb_jenis_agenda`(`id_jenis_agenda`,`nama_jenis_agenda`,`id_user_created`) values (2,'Rapat Pengerampungan',12);
insert  into `tb_jenis_agenda`(`id_jenis_agenda`,`nama_jenis_agenda`,`id_user_created`) values (3,'Rapat Internal',12);
insert  into `tb_jenis_agenda`(`id_jenis_agenda`,`nama_jenis_agenda`,`id_user_created`) values (4,'Madelokan',12);
insert  into `tb_jenis_agenda`(`id_jenis_agenda`,`nama_jenis_agenda`,`id_user_created`) values (5,'Ulang Tahun ST',12);
insert  into `tb_jenis_agenda`(`id_jenis_agenda`,`nama_jenis_agenda`,`id_user_created`) values (6,'Ogoh - Ogoh',12);
insert  into `tb_jenis_agenda`(`id_jenis_agenda`,`nama_jenis_agenda`,`id_user_created`) values (7,'Dana Hibah',12);
insert  into `tb_jenis_agenda`(`id_jenis_agenda`,`nama_jenis_agenda`,`id_user_created`) values (8,'Penggalian Dana',12);

UNLOCK TABLES;

/*Table structure for table `tb_keuangan` */

DROP TABLE IF EXISTS `tb_keuangan`;

CREATE TABLE `tb_keuangan` (
  `id_keuangan` int(11) NOT NULL AUTO_INCREMENT,
  `nama_keuangan` varchar(255) DEFAULT NULL,
  `tipe_keuangan` varchar(255) DEFAULT NULL,
  `id_jenis_agenda` int(11) DEFAULT NULL,
  `jumlah_keuangan` int(11) DEFAULT NULL,
  `deskripsi_keuangan` text,
  `id_user_created` int(11) DEFAULT NULL,
  PRIMARY KEY (`id_keuangan`),
  KEY `id_jenis_agenda` (`id_jenis_agenda`),
  CONSTRAINT `tb_keuangan_ibfk_1` FOREIGN KEY (`id_jenis_agenda`) REFERENCES `tb_jenis_agenda` (`id_jenis_agenda`) ON DELETE CASCADE ON UPDATE CASCADE
) ENGINE=InnoDB AUTO_INCREMENT=4 DEFAULT CHARSET=latin1;

/*Data for the table `tb_keuangan` */

LOCK TABLES `tb_keuangan` WRITE;

insert  into `tb_keuangan`(`id_keuangan`,`nama_keuangan`,`tipe_keuangan`,`id_jenis_agenda`,`jumlah_keuangan`,`deskripsi_keuangan`,`id_user_created`) values (1,'Keuangan 1','Pengeluaran',1,500000,'Keuangan 1',13);
insert  into `tb_keuangan`(`id_keuangan`,`nama_keuangan`,`tipe_keuangan`,`id_jenis_agenda`,`jumlah_keuangan`,`deskripsi_keuangan`,`id_user_created`) values (2,'Keuangan 2','Pengeluaran',2,500000,'Keuangan 2',13);
insert  into `tb_keuangan`(`id_keuangan`,`nama_keuangan`,`tipe_keuangan`,`id_jenis_agenda`,`jumlah_keuangan`,`deskripsi_keuangan`,`id_user_created`) values (3,'Keuangan 3','Pemasukan',7,10000000,'Keuangan 3',13);

UNLOCK TABLES;

/*Table structure for table `tb_lpj` */

DROP TABLE IF EXISTS `tb_lpj`;

CREATE TABLE `tb_lpj` (
  `id_lpj` int(11) NOT NULL AUTO_INCREMENT,
  `nama_lpj` varchar(255) DEFAULT NULL,
  `deskripsi_lpj` text,
  `tanggal_lpj` datetime DEFAULT NULL,
  `id_user_created` int(11) DEFAULT NULL,
  PRIMARY KEY (`id_lpj`)
) ENGINE=InnoDB AUTO_INCREMENT=7 DEFAULT CHARSET=latin1;

/*Data for the table `tb_lpj` */

LOCK TABLES `tb_lpj` WRITE;

insert  into `tb_lpj`(`id_lpj`,`nama_lpj`,`deskripsi_lpj`,`tanggal_lpj`,`id_user_created`) values (1,'Kegiatan 1','Deskripsi Kegiatan 1','2022-04-01 22:55:38',13);
insert  into `tb_lpj`(`id_lpj`,`nama_lpj`,`deskripsi_lpj`,`tanggal_lpj`,`id_user_created`) values (2,'Kegiatan 2','Deskripsi Kegiatan 2','2022-05-01 22:55:49',13);
insert  into `tb_lpj`(`id_lpj`,`nama_lpj`,`deskripsi_lpj`,`tanggal_lpj`,`id_user_created`) values (3,'Kegiatan 3','Deskripsi Kegiatan 3','2022-06-01 22:56:00',13);
insert  into `tb_lpj`(`id_lpj`,`nama_lpj`,`deskripsi_lpj`,`tanggal_lpj`,`id_user_created`) values (4,'Kegiatan 4','Deskripsi Kegiatan 4','2022-07-01 22:56:41',13);
insert  into `tb_lpj`(`id_lpj`,`nama_lpj`,`deskripsi_lpj`,`tanggal_lpj`,`id_user_created`) values (6,'Kegiatan 8','Deskripsi Kegiatan 8','2022-09-08 17:24:00',12);

UNLOCK TABLES;

/*Table structure for table `tb_pelanggan` */

DROP TABLE IF EXISTS `tb_pelanggan`;

CREATE TABLE `tb_pelanggan` (
  `id_pelanggan` int(11) NOT NULL AUTO_INCREMENT,
  `nama_pelanggan` varchar(255) DEFAULT NULL,
  `gender_pelanggan` varchar(255) DEFAULT NULL,
  `alamat_pelanggan` varchar(255) DEFAULT NULL,
  `admin_id` int(11) DEFAULT NULL,
  PRIMARY KEY (`id_pelanggan`)
) ENGINE=InnoDB AUTO_INCREMENT=4 DEFAULT CHARSET=latin1;

/*Data for the table `tb_pelanggan` */

LOCK TABLES `tb_pelanggan` WRITE;

insert  into `tb_pelanggan`(`id_pelanggan`,`nama_pelanggan`,`gender_pelanggan`,`alamat_pelanggan`,`admin_id`) values (1,'pelanggan1','L','kerobokan',2);
insert  into `tb_pelanggan`(`id_pelanggan`,`nama_pelanggan`,`gender_pelanggan`,`alamat_pelanggan`,`admin_id`) values (2,'pelanggan2','P','canggu',2);
insert  into `tb_pelanggan`(`id_pelanggan`,`nama_pelanggan`,`gender_pelanggan`,`alamat_pelanggan`,`admin_id`) values (3,'pelanggan3','L','kuta',2);

UNLOCK TABLES;

/*Table structure for table `tb_pembelian` */

DROP TABLE IF EXISTS `tb_pembelian`;

CREATE TABLE `tb_pembelian` (
  `id_pembelian` int(11) NOT NULL AUTO_INCREMENT,
  `id_barang` int(11) DEFAULT NULL,
  `id_supplier` int(11) DEFAULT NULL,
  `jumlah_barang_pembelian` int(11) DEFAULT NULL,
  `total` int(11) DEFAULT NULL,
  `created_at` datetime DEFAULT NULL,
  `expired_at` datetime DEFAULT NULL,
  `status_expired` enum('0','1') DEFAULT NULL,
  `admin_id` int(11) DEFAULT NULL,
  PRIMARY KEY (`id_pembelian`),
  KEY `id_barang` (`id_barang`),
  KEY `id_supplier` (`id_supplier`),
  CONSTRAINT `tb_pembelian_ibfk_1` FOREIGN KEY (`id_barang`) REFERENCES `tb_barang` (`id_barang`) ON DELETE SET NULL ON UPDATE SET NULL,
  CONSTRAINT `tb_pembelian_ibfk_2` FOREIGN KEY (`id_supplier`) REFERENCES `tb_supplier` (`id_supplier`) ON DELETE SET NULL ON UPDATE SET NULL
) ENGINE=InnoDB AUTO_INCREMENT=6 DEFAULT CHARSET=latin1;

/*Data for the table `tb_pembelian` */

LOCK TABLES `tb_pembelian` WRITE;

insert  into `tb_pembelian`(`id_pembelian`,`id_barang`,`id_supplier`,`jumlah_barang_pembelian`,`total`,`created_at`,`expired_at`,`status_expired`,`admin_id`) values (1,1,1,10,1000000,'2022-08-25 15:40:00','2023-08-25 15:40:00',NULL,2);
insert  into `tb_pembelian`(`id_pembelian`,`id_barang`,`id_supplier`,`jumlah_barang_pembelian`,`total`,`created_at`,`expired_at`,`status_expired`,`admin_id`) values (2,2,2,20,4000000,'2022-08-25 15:40:00','2023-08-25 15:40:00',NULL,2);
insert  into `tb_pembelian`(`id_pembelian`,`id_barang`,`id_supplier`,`jumlah_barang_pembelian`,`total`,`created_at`,`expired_at`,`status_expired`,`admin_id`) values (3,3,3,30,9000000,'2022-08-25 15:41:00','2023-08-25 15:41:00',NULL,2);
insert  into `tb_pembelian`(`id_pembelian`,`id_barang`,`id_supplier`,`jumlah_barang_pembelian`,`total`,`created_at`,`expired_at`,`status_expired`,`admin_id`) values (4,4,4,40,16000000,'2022-08-25 15:41:00','2023-08-25 15:41:00',NULL,2);
insert  into `tb_pembelian`(`id_pembelian`,`id_barang`,`id_supplier`,`jumlah_barang_pembelian`,`total`,`created_at`,`expired_at`,`status_expired`,`admin_id`) values (5,5,5,50,25000000,'2022-08-25 15:42:00','2023-08-25 15:42:00',NULL,2);

UNLOCK TABLES;

/*Table structure for table `tb_penjualan` */

DROP TABLE IF EXISTS `tb_penjualan`;

CREATE TABLE `tb_penjualan` (
  `id_penjualan` int(11) NOT NULL AUTO_INCREMENT,
  `id_transaksi` varchar(255) DEFAULT NULL,
  `id_barang` int(11) DEFAULT NULL,
  `id_pelanggan` int(11) DEFAULT NULL,
  `jumlah_barang` int(11) DEFAULT NULL,
  `total` int(11) DEFAULT NULL,
  `created_at` datetime DEFAULT NULL,
  `admin_id` int(11) DEFAULT NULL,
  PRIMARY KEY (`id_penjualan`),
  KEY `tb_penjualan_ibfk_2` (`id_pelanggan`),
  KEY `id_barang` (`id_barang`),
  CONSTRAINT `tb_penjualan_ibfk_2` FOREIGN KEY (`id_pelanggan`) REFERENCES `tb_pelanggan` (`id_pelanggan`) ON DELETE SET NULL ON UPDATE SET NULL,
  CONSTRAINT `tb_penjualan_ibfk_3` FOREIGN KEY (`id_barang`) REFERENCES `tb_barang` (`id_barang`) ON DELETE SET NULL ON UPDATE SET NULL
) ENGINE=InnoDB AUTO_INCREMENT=10 DEFAULT CHARSET=latin1;

/*Data for the table `tb_penjualan` */

LOCK TABLES `tb_penjualan` WRITE;

insert  into `tb_penjualan`(`id_penjualan`,`id_transaksi`,`id_barang`,`id_pelanggan`,`jumlah_barang`,`total`,`created_at`,`admin_id`) values (1,'trnsk_1',1,1,1,100000,'2022-08-25 15:44:00',2);
insert  into `tb_penjualan`(`id_penjualan`,`id_transaksi`,`id_barang`,`id_pelanggan`,`jumlah_barang`,`total`,`created_at`,`admin_id`) values (2,'trnsk_1',2,1,5,200000,'2022-08-25 15:44:00',2);
insert  into `tb_penjualan`(`id_penjualan`,`id_transaksi`,`id_barang`,`id_pelanggan`,`jumlah_barang`,`total`,`created_at`,`admin_id`) values (3,'trnsk_1',3,1,4,300000,'2022-08-25 15:45:00',2);
insert  into `tb_penjualan`(`id_penjualan`,`id_transaksi`,`id_barang`,`id_pelanggan`,`jumlah_barang`,`total`,`created_at`,`admin_id`) values (4,'trnsk_2',1,2,7,100000,'2022-08-25 15:45:00',2);
insert  into `tb_penjualan`(`id_penjualan`,`id_transaksi`,`id_barang`,`id_pelanggan`,`jumlah_barang`,`total`,`created_at`,`admin_id`) values (5,'trnsk_2',2,2,9,200000,'2022-08-25 15:45:00',2);
insert  into `tb_penjualan`(`id_penjualan`,`id_transaksi`,`id_barang`,`id_pelanggan`,`jumlah_barang`,`total`,`created_at`,`admin_id`) values (6,'trnsk_2',4,2,10,400000,'2022-08-25 15:46:00',2);
insert  into `tb_penjualan`(`id_penjualan`,`id_transaksi`,`id_barang`,`id_pelanggan`,`jumlah_barang`,`total`,`created_at`,`admin_id`) values (7,'trnsk_3',3,3,50,300000,'2022-08-25 15:46:00',2);
insert  into `tb_penjualan`(`id_penjualan`,`id_transaksi`,`id_barang`,`id_pelanggan`,`jumlah_barang`,`total`,`created_at`,`admin_id`) values (8,'trnsk_3',2,3,85,200000,'2022-08-25 15:47:00',2);
insert  into `tb_penjualan`(`id_penjualan`,`id_transaksi`,`id_barang`,`id_pelanggan`,`jumlah_barang`,`total`,`created_at`,`admin_id`) values (9,'trnsk_3',4,3,90,500000,'2022-08-25 15:47:00',2);

UNLOCK TABLES;

/*Table structure for table `tb_supplier` */

DROP TABLE IF EXISTS `tb_supplier`;

CREATE TABLE `tb_supplier` (
  `id_supplier` int(11) NOT NULL AUTO_INCREMENT,
  `nama_supplier` varchar(255) DEFAULT NULL,
  `jenis_supplier` varchar(255) DEFAULT NULL,
  `alamat_supplier` varchar(255) DEFAULT NULL,
  `admin_id` int(11) DEFAULT NULL,
  PRIMARY KEY (`id_supplier`)
) ENGINE=InnoDB AUTO_INCREMENT=6 DEFAULT CHARSET=latin1;

/*Data for the table `tb_supplier` */

LOCK TABLES `tb_supplier` WRITE;

insert  into `tb_supplier`(`id_supplier`,`nama_supplier`,`jenis_supplier`,`alamat_supplier`,`admin_id`) values (1,'supplier1','jenissupplier1','alamatsupplier1',2);
insert  into `tb_supplier`(`id_supplier`,`nama_supplier`,`jenis_supplier`,`alamat_supplier`,`admin_id`) values (2,'supplier2','jenissupplier2','alamatsupplier2',2);
insert  into `tb_supplier`(`id_supplier`,`nama_supplier`,`jenis_supplier`,`alamat_supplier`,`admin_id`) values (3,'supplier3','jenissupplier3','alamatsupplier3',2);
insert  into `tb_supplier`(`id_supplier`,`nama_supplier`,`jenis_supplier`,`alamat_supplier`,`admin_id`) values (4,'supplier4','jenissupplier4','alamatsupplier4',2);
insert  into `tb_supplier`(`id_supplier`,`nama_supplier`,`jenis_supplier`,`alamat_supplier`,`admin_id`) values (5,'supplier5','jenissupplier5','alamatsupplier5',2);

UNLOCK TABLES;

/*Table structure for table `tb_test_penjualan` */

DROP TABLE IF EXISTS `tb_test_penjualan`;

CREATE TABLE `tb_test_penjualan` (
  `id_penjualan` int(11) NOT NULL AUTO_INCREMENT,
  `id_transaksi` varchar(10) DEFAULT NULL,
  `id_barang` int(11) DEFAULT NULL,
  `id_pelanggan` int(11) DEFAULT NULL,
  `jumlah_barang` int(11) DEFAULT NULL,
  `harga_barang` int(11) DEFAULT NULL,
  `total` int(11) DEFAULT NULL,
  `created_at` datetime DEFAULT NULL,
  PRIMARY KEY (`id_penjualan`)
) ENGINE=InnoDB AUTO_INCREMENT=73 DEFAULT CHARSET=latin1;

/*Data for the table `tb_test_penjualan` */

LOCK TABLES `tb_test_penjualan` WRITE;

insert  into `tb_test_penjualan`(`id_penjualan`,`id_transaksi`,`id_barang`,`id_pelanggan`,`jumlah_barang`,`harga_barang`,`total`,`created_at`) values (1,'trnsk_1',1,1,2815,100000,281500000,'2016-01-01 00:00:00');
insert  into `tb_test_penjualan`(`id_penjualan`,`id_transaksi`,`id_barang`,`id_pelanggan`,`jumlah_barang`,`harga_barang`,`total`,`created_at`) values (2,'trnsk_2',1,1,2672,100000,267200000,'2016-02-01 00:00:00');
insert  into `tb_test_penjualan`(`id_penjualan`,`id_transaksi`,`id_barang`,`id_pelanggan`,`jumlah_barang`,`harga_barang`,`total`,`created_at`) values (3,'trnsk_3',1,1,2755,100000,275500000,'2016-03-01 00:00:00');
insert  into `tb_test_penjualan`(`id_penjualan`,`id_transaksi`,`id_barang`,`id_pelanggan`,`jumlah_barang`,`harga_barang`,`total`,`created_at`) values (4,'trnsk_4',1,1,2721,100000,272100000,'2016-04-01 00:00:00');
insert  into `tb_test_penjualan`(`id_penjualan`,`id_transaksi`,`id_barang`,`id_pelanggan`,`jumlah_barang`,`harga_barang`,`total`,`created_at`) values (5,'trnsk_5',1,1,2946,100000,294600000,'2016-05-01 00:00:00');
insert  into `tb_test_penjualan`(`id_penjualan`,`id_transaksi`,`id_barang`,`id_pelanggan`,`jumlah_barang`,`harga_barang`,`total`,`created_at`) values (6,'trnsk_6',1,1,3036,100000,303600000,'2016-06-01 00:00:00');
insert  into `tb_test_penjualan`(`id_penjualan`,`id_transaksi`,`id_barang`,`id_pelanggan`,`jumlah_barang`,`harga_barang`,`total`,`created_at`) values (7,'trnsk_7',1,1,2282,100000,228200000,'2016-07-01 00:00:00');
insert  into `tb_test_penjualan`(`id_penjualan`,`id_transaksi`,`id_barang`,`id_pelanggan`,`jumlah_barang`,`harga_barang`,`total`,`created_at`) values (8,'trnsk_8',1,1,2212,100000,221200000,'2016-08-01 00:00:00');
insert  into `tb_test_penjualan`(`id_penjualan`,`id_transaksi`,`id_barang`,`id_pelanggan`,`jumlah_barang`,`harga_barang`,`total`,`created_at`) values (9,'trnsk_9',1,1,2922,100000,292200000,'2016-09-01 00:00:00');
insert  into `tb_test_penjualan`(`id_penjualan`,`id_transaksi`,`id_barang`,`id_pelanggan`,`jumlah_barang`,`harga_barang`,`total`,`created_at`) values (10,'trnsk_10',1,1,4301,100000,430100000,'2016-10-01 00:00:00');
insert  into `tb_test_penjualan`(`id_penjualan`,`id_transaksi`,`id_barang`,`id_pelanggan`,`jumlah_barang`,`harga_barang`,`total`,`created_at`) values (11,'trnsk_11',1,1,5764,100000,576400000,'2016-11-01 00:00:00');
insert  into `tb_test_penjualan`(`id_penjualan`,`id_transaksi`,`id_barang`,`id_pelanggan`,`jumlah_barang`,`harga_barang`,`total`,`created_at`) values (12,'trnsk_12',1,1,7312,100000,731200000,'2016-12-01 00:00:00');
insert  into `tb_test_penjualan`(`id_penjualan`,`id_transaksi`,`id_barang`,`id_pelanggan`,`jumlah_barang`,`harga_barang`,`total`,`created_at`) values (13,'trnsk_13',1,1,2541,100000,254100000,'2017-01-01 00:00:00');
insert  into `tb_test_penjualan`(`id_penjualan`,`id_transaksi`,`id_barang`,`id_pelanggan`,`jumlah_barang`,`harga_barang`,`total`,`created_at`) values (14,'trnsk_14',1,1,2475,100000,247500000,'2017-02-01 00:00:00');
insert  into `tb_test_penjualan`(`id_penjualan`,`id_transaksi`,`id_barang`,`id_pelanggan`,`jumlah_barang`,`harga_barang`,`total`,`created_at`) values (15,'trnsk_15',1,1,3031,100000,303100000,'2017-03-01 00:00:00');
insert  into `tb_test_penjualan`(`id_penjualan`,`id_transaksi`,`id_barang`,`id_pelanggan`,`jumlah_barang`,`harga_barang`,`total`,`created_at`) values (16,'trnsk_16',1,1,3266,100000,326600000,'2017-04-01 00:00:00');
insert  into `tb_test_penjualan`(`id_penjualan`,`id_transaksi`,`id_barang`,`id_pelanggan`,`jumlah_barang`,`harga_barang`,`total`,`created_at`) values (17,'trnsk_17',1,1,3776,100000,377600000,'2017-05-01 00:00:00');
insert  into `tb_test_penjualan`(`id_penjualan`,`id_transaksi`,`id_barang`,`id_pelanggan`,`jumlah_barang`,`harga_barang`,`total`,`created_at`) values (18,'trnsk_18',1,1,3230,100000,323000000,'2017-06-01 00:00:00');
insert  into `tb_test_penjualan`(`id_penjualan`,`id_transaksi`,`id_barang`,`id_pelanggan`,`jumlah_barang`,`harga_barang`,`total`,`created_at`) values (19,'trnsk_19',1,1,3028,100000,302800000,'2017-07-01 00:00:00');
insert  into `tb_test_penjualan`(`id_penjualan`,`id_transaksi`,`id_barang`,`id_pelanggan`,`jumlah_barang`,`harga_barang`,`total`,`created_at`) values (20,'trnsk_20',1,1,1759,100000,175900000,'2017-08-01 00:00:00');
insert  into `tb_test_penjualan`(`id_penjualan`,`id_transaksi`,`id_barang`,`id_pelanggan`,`jumlah_barang`,`harga_barang`,`total`,`created_at`) values (21,'trnsk_21',1,1,3595,100000,359500000,'2017-09-01 00:00:00');
insert  into `tb_test_penjualan`(`id_penjualan`,`id_transaksi`,`id_barang`,`id_pelanggan`,`jumlah_barang`,`harga_barang`,`total`,`created_at`) values (22,'trnsk_22',1,1,4474,100000,447400000,'2017-10-01 00:00:00');
insert  into `tb_test_penjualan`(`id_penjualan`,`id_transaksi`,`id_barang`,`id_pelanggan`,`jumlah_barang`,`harga_barang`,`total`,`created_at`) values (23,'trnsk_23',1,1,6838,100000,683800000,'2017-11-01 00:00:00');
insert  into `tb_test_penjualan`(`id_penjualan`,`id_transaksi`,`id_barang`,`id_pelanggan`,`jumlah_barang`,`harga_barang`,`total`,`created_at`) values (24,'trnsk_24',1,1,8357,100000,835700000,'2017-12-01 00:00:00');
insert  into `tb_test_penjualan`(`id_penjualan`,`id_transaksi`,`id_barang`,`id_pelanggan`,`jumlah_barang`,`harga_barang`,`total`,`created_at`) values (25,'trnsk_25',1,1,3113,100000,311300000,'2018-01-01 00:00:00');
insert  into `tb_test_penjualan`(`id_penjualan`,`id_transaksi`,`id_barang`,`id_pelanggan`,`jumlah_barang`,`harga_barang`,`total`,`created_at`) values (26,'trnsk_26',1,1,3006,100000,300600000,'2018-02-01 00:00:00');
insert  into `tb_test_penjualan`(`id_penjualan`,`id_transaksi`,`id_barang`,`id_pelanggan`,`jumlah_barang`,`harga_barang`,`total`,`created_at`) values (27,'trnsk_27',1,1,4047,100000,404700000,'2018-03-01 00:00:00');
insert  into `tb_test_penjualan`(`id_penjualan`,`id_transaksi`,`id_barang`,`id_pelanggan`,`jumlah_barang`,`harga_barang`,`total`,`created_at`) values (28,'trnsk_28',1,1,3523,100000,352300000,'2018-04-01 00:00:00');
insert  into `tb_test_penjualan`(`id_penjualan`,`id_transaksi`,`id_barang`,`id_pelanggan`,`jumlah_barang`,`harga_barang`,`total`,`created_at`) values (29,'trnsk_29',1,1,3937,100000,393700000,'2018-05-01 00:00:00');
insert  into `tb_test_penjualan`(`id_penjualan`,`id_transaksi`,`id_barang`,`id_pelanggan`,`jumlah_barang`,`harga_barang`,`total`,`created_at`) values (30,'trnsk_30',1,1,3986,100000,398600000,'2018-06-01 00:00:00');
insert  into `tb_test_penjualan`(`id_penjualan`,`id_transaksi`,`id_barang`,`id_pelanggan`,`jumlah_barang`,`harga_barang`,`total`,`created_at`) values (31,'trnsk_31',1,1,3260,100000,326000000,'2018-07-01 00:00:00');
insert  into `tb_test_penjualan`(`id_penjualan`,`id_transaksi`,`id_barang`,`id_pelanggan`,`jumlah_barang`,`harga_barang`,`total`,`created_at`) values (32,'trnsk_32',1,1,1573,100000,157300000,'2018-08-01 00:00:00');
insert  into `tb_test_penjualan`(`id_penjualan`,`id_transaksi`,`id_barang`,`id_pelanggan`,`jumlah_barang`,`harga_barang`,`total`,`created_at`) values (33,'trnsk_33',1,1,3528,100000,352800000,'2018-09-01 00:00:00');
insert  into `tb_test_penjualan`(`id_penjualan`,`id_transaksi`,`id_barang`,`id_pelanggan`,`jumlah_barang`,`harga_barang`,`total`,`created_at`) values (34,'trnsk_34',1,1,5211,100000,521100000,'2018-10-01 00:00:00');
insert  into `tb_test_penjualan`(`id_penjualan`,`id_transaksi`,`id_barang`,`id_pelanggan`,`jumlah_barang`,`harga_barang`,`total`,`created_at`) values (35,'trnsk_35',1,1,7614,100000,761400000,'2018-11-01 00:00:00');
insert  into `tb_test_penjualan`(`id_penjualan`,`id_transaksi`,`id_barang`,`id_pelanggan`,`jumlah_barang`,`harga_barang`,`total`,`created_at`) values (36,'trnsk_36',1,1,9254,100000,925400000,'2018-12-01 00:00:00');
insert  into `tb_test_penjualan`(`id_penjualan`,`id_transaksi`,`id_barang`,`id_pelanggan`,`jumlah_barang`,`harga_barang`,`total`,`created_at`) values (37,'trnsk_37',1,1,5375,100000,537500000,'2019-01-01 00:00:00');
insert  into `tb_test_penjualan`(`id_penjualan`,`id_transaksi`,`id_barang`,`id_pelanggan`,`jumlah_barang`,`harga_barang`,`total`,`created_at`) values (38,'trnsk_38',1,1,3088,100000,308800000,'2019-02-01 00:00:00');
insert  into `tb_test_penjualan`(`id_penjualan`,`id_transaksi`,`id_barang`,`id_pelanggan`,`jumlah_barang`,`harga_barang`,`total`,`created_at`) values (39,'trnsk_39',1,1,3718,100000,371800000,'2019-03-01 00:00:00');
insert  into `tb_test_penjualan`(`id_penjualan`,`id_transaksi`,`id_barang`,`id_pelanggan`,`jumlah_barang`,`harga_barang`,`total`,`created_at`) values (40,'trnsk_40',1,1,4514,100000,451400000,'2019-04-01 00:00:00');
insert  into `tb_test_penjualan`(`id_penjualan`,`id_transaksi`,`id_barang`,`id_pelanggan`,`jumlah_barang`,`harga_barang`,`total`,`created_at`) values (41,'trnsk_41',1,1,4520,100000,452000000,'2019-05-01 00:00:00');
insert  into `tb_test_penjualan`(`id_penjualan`,`id_transaksi`,`id_barang`,`id_pelanggan`,`jumlah_barang`,`harga_barang`,`total`,`created_at`) values (42,'trnsk_42',1,1,4539,100000,453900000,'2019-06-01 00:00:00');
insert  into `tb_test_penjualan`(`id_penjualan`,`id_transaksi`,`id_barang`,`id_pelanggan`,`jumlah_barang`,`harga_barang`,`total`,`created_at`) values (43,'trnsk_43',1,1,3663,100000,366300000,'2019-07-01 00:00:00');
insert  into `tb_test_penjualan`(`id_penjualan`,`id_transaksi`,`id_barang`,`id_pelanggan`,`jumlah_barang`,`harga_barang`,`total`,`created_at`) values (44,'trnsk_44',1,1,1643,100000,164300000,'2019-08-01 00:00:00');
insert  into `tb_test_penjualan`(`id_penjualan`,`id_transaksi`,`id_barang`,`id_pelanggan`,`jumlah_barang`,`harga_barang`,`total`,`created_at`) values (45,'trnsk_45',1,1,4739,100000,473900000,'2019-09-01 00:00:00');
insert  into `tb_test_penjualan`(`id_penjualan`,`id_transaksi`,`id_barang`,`id_pelanggan`,`jumlah_barang`,`harga_barang`,`total`,`created_at`) values (46,'trnsk_46',1,1,5428,100000,542800000,'2019-10-01 00:00:00');
insert  into `tb_test_penjualan`(`id_penjualan`,`id_transaksi`,`id_barang`,`id_pelanggan`,`jumlah_barang`,`harga_barang`,`total`,`created_at`) values (47,'trnsk_47',1,1,8314,100000,831400000,'2019-11-01 00:00:00');
insert  into `tb_test_penjualan`(`id_penjualan`,`id_transaksi`,`id_barang`,`id_pelanggan`,`jumlah_barang`,`harga_barang`,`total`,`created_at`) values (48,'trnsk_48',1,1,10651,100000,1065100000,'2019-12-01 00:00:00');
insert  into `tb_test_penjualan`(`id_penjualan`,`id_transaksi`,`id_barang`,`id_pelanggan`,`jumlah_barang`,`harga_barang`,`total`,`created_at`) values (49,'trnsk_49',1,1,3633,100000,363300000,'2020-01-01 00:00:00');
insert  into `tb_test_penjualan`(`id_penjualan`,`id_transaksi`,`id_barang`,`id_pelanggan`,`jumlah_barang`,`harga_barang`,`total`,`created_at`) values (50,'trnsk_50',1,1,4292,100000,429200000,'2020-02-01 00:00:00');
insert  into `tb_test_penjualan`(`id_penjualan`,`id_transaksi`,`id_barang`,`id_pelanggan`,`jumlah_barang`,`harga_barang`,`total`,`created_at`) values (51,'trnsk_51',1,1,4154,100000,415400000,'2020-03-01 00:00:00');
insert  into `tb_test_penjualan`(`id_penjualan`,`id_transaksi`,`id_barang`,`id_pelanggan`,`jumlah_barang`,`harga_barang`,`total`,`created_at`) values (52,'trnsk_52',1,1,4121,100000,412100000,'2020-04-01 00:00:00');
insert  into `tb_test_penjualan`(`id_penjualan`,`id_transaksi`,`id_barang`,`id_pelanggan`,`jumlah_barang`,`harga_barang`,`total`,`created_at`) values (53,'trnsk_53',1,1,4647,100000,464700000,'2020-05-01 00:00:00');
insert  into `tb_test_penjualan`(`id_penjualan`,`id_transaksi`,`id_barang`,`id_pelanggan`,`jumlah_barang`,`harga_barang`,`total`,`created_at`) values (54,'trnsk_54',1,1,4753,100000,475300000,'2020-06-01 00:00:00');
insert  into `tb_test_penjualan`(`id_penjualan`,`id_transaksi`,`id_barang`,`id_pelanggan`,`jumlah_barang`,`harga_barang`,`total`,`created_at`) values (55,'trnsk_55',1,1,3965,100000,396500000,'2020-07-01 00:00:00');
insert  into `tb_test_penjualan`(`id_penjualan`,`id_transaksi`,`id_barang`,`id_pelanggan`,`jumlah_barang`,`harga_barang`,`total`,`created_at`) values (56,'trnsk_56',1,1,1723,100000,172300000,'2020-08-01 00:00:00');
insert  into `tb_test_penjualan`(`id_penjualan`,`id_transaksi`,`id_barang`,`id_pelanggan`,`jumlah_barang`,`harga_barang`,`total`,`created_at`) values (57,'trnsk_57',1,1,5048,100000,504800000,'2020-09-01 00:00:00');
insert  into `tb_test_penjualan`(`id_penjualan`,`id_transaksi`,`id_barang`,`id_pelanggan`,`jumlah_barang`,`harga_barang`,`total`,`created_at`) values (58,'trnsk_58',1,1,6922,100000,692200000,'2020-10-01 00:00:00');
insert  into `tb_test_penjualan`(`id_penjualan`,`id_transaksi`,`id_barang`,`id_pelanggan`,`jumlah_barang`,`harga_barang`,`total`,`created_at`) values (59,'trnsk_59',1,1,9858,100000,985800000,'2020-11-01 00:00:00');
insert  into `tb_test_penjualan`(`id_penjualan`,`id_transaksi`,`id_barang`,`id_pelanggan`,`jumlah_barang`,`harga_barang`,`total`,`created_at`) values (60,'trnsk_60',1,1,11331,100000,1133100000,'2020-12-01 00:00:00');
insert  into `tb_test_penjualan`(`id_penjualan`,`id_transaksi`,`id_barang`,`id_pelanggan`,`jumlah_barang`,`harga_barang`,`total`,`created_at`) values (61,'trnsk_61',1,1,4016,100000,401600000,'2021-01-01 00:00:00');
insert  into `tb_test_penjualan`(`id_penjualan`,`id_transaksi`,`id_barang`,`id_pelanggan`,`jumlah_barang`,`harga_barang`,`total`,`created_at`) values (62,'trnsk_62',1,1,3957,100000,395700000,'2021-02-01 00:00:00');
insert  into `tb_test_penjualan`(`id_penjualan`,`id_transaksi`,`id_barang`,`id_pelanggan`,`jumlah_barang`,`harga_barang`,`total`,`created_at`) values (63,'trnsk_63',1,1,4510,100000,451000000,'2021-03-01 00:00:00');
insert  into `tb_test_penjualan`(`id_penjualan`,`id_transaksi`,`id_barang`,`id_pelanggan`,`jumlah_barang`,`harga_barang`,`total`,`created_at`) values (64,'trnsk_64',1,1,4276,100000,427600000,'2021-04-01 00:00:00');
insert  into `tb_test_penjualan`(`id_penjualan`,`id_transaksi`,`id_barang`,`id_pelanggan`,`jumlah_barang`,`harga_barang`,`total`,`created_at`) values (65,'trnsk_65',1,1,4968,100000,496800000,'2021-05-01 00:00:00');
insert  into `tb_test_penjualan`(`id_penjualan`,`id_transaksi`,`id_barang`,`id_pelanggan`,`jumlah_barang`,`harga_barang`,`total`,`created_at`) values (66,'trnsk_66',1,1,4677,100000,467700000,'2021-06-01 00:00:00');
insert  into `tb_test_penjualan`(`id_penjualan`,`id_transaksi`,`id_barang`,`id_pelanggan`,`jumlah_barang`,`harga_barang`,`total`,`created_at`) values (67,'trnsk_67',1,1,3523,100000,352300000,'2021-07-01 00:00:00');
insert  into `tb_test_penjualan`(`id_penjualan`,`id_transaksi`,`id_barang`,`id_pelanggan`,`jumlah_barang`,`harga_barang`,`total`,`created_at`) values (68,'trnsk_68',1,1,1821,100000,182100000,'2021-08-01 00:00:00');
insert  into `tb_test_penjualan`(`id_penjualan`,`id_transaksi`,`id_barang`,`id_pelanggan`,`jumlah_barang`,`harga_barang`,`total`,`created_at`) values (69,'trnsk_69',1,1,5222,100000,522200000,'2021-09-01 00:00:00');
insert  into `tb_test_penjualan`(`id_penjualan`,`id_transaksi`,`id_barang`,`id_pelanggan`,`jumlah_barang`,`harga_barang`,`total`,`created_at`) values (70,'trnsk_70',1,1,6872,100000,687200000,'2021-10-01 00:00:00');
insert  into `tb_test_penjualan`(`id_penjualan`,`id_transaksi`,`id_barang`,`id_pelanggan`,`jumlah_barang`,`harga_barang`,`total`,`created_at`) values (71,'trnsk_71',1,1,10803,100000,1080300000,'2021-11-01 00:00:00');
insert  into `tb_test_penjualan`(`id_penjualan`,`id_transaksi`,`id_barang`,`id_pelanggan`,`jumlah_barang`,`harga_barang`,`total`,`created_at`) values (72,'trnsk_72',1,1,13916,100000,1391600000,'2021-12-01 00:00:00');

UNLOCK TABLES;

/*!40101 SET SQL_MODE=@OLD_SQL_MODE */;
/*!40014 SET FOREIGN_KEY_CHECKS=@OLD_FOREIGN_KEY_CHECKS */;
/*!40014 SET UNIQUE_CHECKS=@OLD_UNIQUE_CHECKS */;
/*!40111 SET SQL_NOTES=@OLD_SQL_NOTES */;
